class,f1,f2,f3,f4,f5,f6,f7,f8,f9,f10,f11,f12,f13
a,-0.819231920519,-0.573462344363,78.1024967591,0.785398163397,42.0,0.0,1.0,190.303320836,-2.0344439358,5.81953769818,4.92687993372,1.0,625.0
a,-0.514495755428,-0.857492925713,89.1066776398,0.0,34.1760149813,0.351123441588,0.936329177569,206.963322673,-3.60524026259,5.81953769818,4.92687993372,0.0,890.0
a,-0.813733471207,-0.581238193719,102.415819091,0.785398163397,81.3203541556,0.282832019595,0.959169457756,210.157332258,-5.49778714378,8.63937979737,6.78535302575,4.0,843.0
a,-1.0,0.0,79.0253124005,0.0,42.9534631898,0.209529088731,0.977802414077,182.901396406,-3.14159265359,3.14159265359,2.46740110027,0.0,735.0
a,-0.4472135955,-0.894427191,120.216471417,0.785398163397,87.6641317758,0.433472609952,0.901166741742,322.945067688,-2.21429743559,6.28318530718,5.8701450002,2.0,969.0
a,-0.980580675691,-0.196116135138,106.216759506,0.0,70.3420215803,0.255892560316,0.966705227862,267.344412791,-3.14159265359,4.71238898038,3.70110165041,2.0,703.0
a,-0.953582665134,-0.301131367937,114.978258814,0.785398163397,80.0062497559,0.0124990235519,0.999921884154,290.615702713,-2.35619449019,2.35619449019,1.8505508252,1.0,860.0
a,-0.617821551932,-0.786318338822,97.0824391947,0.785398163397,51.0392006207,0.0391855666954,0.999231950732,250.491764605,-3.14159265359,3.14159265359,2.46740110027,1.0,703.0
a,-0.874157276122,-0.485642931179,83.6002392341,0.0,44.9110231458,0.200396236149,0.979714932283,213.661802915,-3.92699081699,5.49778714378,4.31795192548,0.0,828.0
a,-0.316227766017,-0.948683298051,85.7962703152,0.785398163397,46.389654019,0.129339184068,0.991600411186,211.330990691,-3.38657131672,9.17979929764,7.92629522798,0.0,843.0
a,-0.961523947641,-0.274721127897,113.172434806,0.0,48.2700735446,0.227884467378,0.973688178796,278.577583321,-0.785398163397,2.35619449019,1.8505508252,1.0,828.0
a,-0.948683298051,-0.316227766017,111.803398875,0.785398163397,74.3303437366,0.188348382319,0.982102279235,300.365450699,-4.71238898038,4.71238898038,3.70110165041,1.0,688.0
a,-0.768221279597,-0.640184399664,104.804580053,0.785398163397,70.3491293478,0.099503719021,0.99503719021,269.795315741,-3.14159265359,3.14159265359,2.46740110027,1.0,765.0
a,-0.847998304005,-0.529998940003,122.286548729,0.785398163397,83.0240928888,-0.0240893929751,0.999709808467,302.696631063,-1.57079632679,1.57079632679,1.23370055014,1.0,703.0
a,-0.8,-0.6,94.7628619239,0.785398163397,58.0,0.0,1.0,243.899752831,-4.17196948011,6.82360480745,6.07574440277,1.0,797.0
a,-0.6,-0.8,118.088949525,0.785398163397,46.5725240888,0.25766265056,0.966234939601,315.548059982,-2.81984209919,5.03413953478,4.31002965865,1.0,781.0
a,-0.948683298051,-0.316227766017,80.622577483,0.785398163397,55.3624421427,0.343192952924,0.939264923791,227.920167757,-4.39063842599,8.17573218837,6.77743075893,0.0,844.0
a,-0.707106781187,-0.707106781187,109.077953776,0.0,36.4005494464,0.934051834851,0.357137466267,287.050732382,-0.321750554397,9.10302740637,7.72861809223,1.0,984.0
a,-0.529998940003,-0.847998304005,147.434731322,0.0,36.7967389859,0.733760674018,0.679408031498,411.223518992,-4.46741031726,7.60900297085,6.69259467784,1.0,954.0
a,-0.805055837353,-0.59319903805,177.597860347,0.785398163397,61.7413961617,0.421111306455,0.907008967748,486.796160179,-3.14159265359,4.71238898038,3.70110165041,3.0,937.0
b,0.0,1.0,105.109466748,1.10714871779,94.0850678907,0.0425147166248,0.999095840683,228.740284788,-14.1371669412,15.7079632679,12.3370055014,1.0,906.0
b,0.0,1.0,115.0,0.785398163397,87.0919054792,0.0459284933312,0.998944729953,289.649876588,-18.0641577581,18.0641577581,14.1875563266,2.0,813.0
b,0.196116135138,0.980580675691,126.269552941,0.785398163397,106.733312513,0.224859506699,0.974391195695,253.359992249,-16.4933614313,16.4933614313,12.9538557764,2.0,765.0
b,0.0,1.0,98.8382517045,0.785398163397,87.0919054792,-0.0459284933312,0.998944729953,227.070971889,-13.6735193322,13.6735193322,11.0953826844,1.0,907.0
b,0.0,1.0,97.0978887515,0.785398163397,77.1038261048,0.0518780999864,0.998653424738,226.036670693,-15.5660662133,15.5660662133,12.9380112428,1.0,813.0
b,0.0,1.0,111.803398875,1.10714871779,93.0,0.0,1.0,243.121310435,-16.4933614313,16.4933614313,12.9538557764,0.0,750.0
b,0.406138466053,0.91381154862,113.850779532,0.785398163397,73.2461603089,0.0819155567295,0.996639273542,286.305241653,-21.2057504117,22.7765467385,17.888657977,1.0,704.0
b,0.0,1.0,120.415945788,0.785398163397,84.0059521701,0.011903918403,0.999929145853,306.126414549,-19.1713064759,19.1713064759,15.4133346099,1.0,719.0
b,0.0,1.0,99.0454441153,0.785398163397,65.06919394,0.0461047666084,0.998936609849,295.362717268,-17.2787595947,17.2787595947,13.5707060515,5.0,703.0
b,0.0,1.0,79.1770168673,0.785398163397,66.1211010193,0.0604950604019,0.998168496631,169.309365787,-11.0723461788,12.6431425056,11.0026243365,0.0,953.0
b,0.0,1.0,110.679718106,0.785398163397,85.0,0.0,1.0,261.435439714,-19.6349540849,19.6349540849,15.4212568767,1.0,781.0
b,0.0,1.0,145.773797371,1.10714871779,132.242202039,-0.0604950604019,0.998168496631,299.255944342,-18.8495559215,18.8495559215,14.8044066016,2.0,609.0
b,0.0,1.0,119.402680037,1.10714871779,105.0,0.0,1.0,245.5863836,-16.4933614313,16.4933614313,12.9538557764,6.0,688.0
b,0.099503719021,0.99503719021,121.24768039,0.785398163397,91.0054943396,-0.208778603291,0.977962931203,269.335991816,-17.2787595947,17.2787595947,13.5707060515,1.0,656.0
b,0.0,1.0,96.5194280961,0.785398163397,68.2641926635,-0.0878938102964,0.996129850025,222.327248178,-17.2787595947,17.2787595947,13.5707060515,0.0,719.0
b,0.124034734589,0.992277876714,71.55417528,1.10714871779,57.0,0.0,1.0,137.223729538,-13.6735193322,15.2443156589,12.3290832345,0.0,860.0
b,0.274721127897,0.961523947641,89.0449324779,0.785398163397,69.6419413859,0.272824100275,0.962063932548,180.803230129,-16.4933614313,18.0641577581,14.1875563266,1.0,750.0
b,0.56920997883,-0.822192191644,259.422435421,0.785398163397,148.219431924,0.809610443394,-0.586967571461,618.333586636,-5.49778714378,8.63937979737,6.78535302575,4.0,1109.0
b,0.640184399664,-0.768221279597,207.617436647,1.10714871779,89.9444272871,0.878320118131,-0.478072975692,486.060942142,-6.10333180739,17.4586130945,14.7806398012,4.0,1110.0
b,-0.209529088731,0.977802414077,196.420467365,0.785398163397,166.027106221,0.0180693386055,0.999836736174,433.49933095,-3.14159265359,3.14159265359,2.46740110027,3.0,765.0
c,-0.707106781187,-0.707106781187,89.0505474436,0.785398163397,58.5234995536,0.290481603624,0.956880576643,130.805670607,-0.785398163397,3.92699081699,3.08425137534,1.0,406.0
c,-0.919145030018,-0.393919298579,67.4759216313,0.785398163397,47.539457296,-0.252421897147,0.967617272397,104.294566071,-0.785398163397,2.35619449019,1.8505508252,0.0,312.0
c,-0.847998304005,-0.529998940003,65.4599113962,0.785398163397,49.8196748283,-0.180651520328,0.983547166232,102.709367177,-0.785398163397,0.785398163397,0.616850275068,0.0,375.0
c,-0.832050294338,-0.554700196225,114.621114983,0.785398163397,76.3216876124,-0.0917170494913,0.995785108762,191.107621626,-3.14159265359,3.14159265359,2.46740110027,1.0,437.0
c,-1.0,0.0,94.3663075467,0.0,64.4127316608,-0.465746432833,0.884918222382,147.583064995,-1.57079632679,1.57079632679,1.23370055014,1.0,437.0
c,-0.923076923077,-0.384615384615,97.0824391947,0.785398163397,63.6945837572,-0.376798129202,0.926295400955,151.654887925,-0.785398163397,2.35619449019,1.8505508252,1.0,422.0
c,-0.4472135955,-0.894427191,75.0066663704,0.785398163397,34.4383507154,0.435560928104,0.900159251416,131.465917465,-2.35619449019,5.49778714378,4.31795192548,0.0,500.0
c,-0.8,-0.6,100.603180864,0.785398163397,68.1542368456,-0.249434236033,0.968391739894,157.244112866,1.10714871779,2.67794504459,2.45947883345,2.0,375.0
c,-0.847998304005,-0.529998940003,87.8179936004,0.785398163397,62.128898268,-0.064382277998,0.997925308968,141.412459306,-0.463647609001,2.67794504459,2.45947883345,0.0,375.0
c,-0.624695047554,-0.780868809443,96.2548700067,0.785398163397,61.1310068623,-0.261732970243,0.96514032777,145.255015589,0.785398163397,0.785398163397,0.616850275068,1.0,328.0
c,-0.780868809443,-0.624695047554,84.3800924389,0.785398163397,63.9531078213,-0.17200102348,0.985096770841,126.583703091,-1.57079632679,1.57079632679,1.23370055014,0.0,359.0
c,-0.948683298051,-0.316227766017,77.8010282708,0.785398163397,50.4876222455,0.138647844534,0.990341746674,133.273478621,-0.321750554397,4.39063842599,4.02751644182,0.0,453.0
c,-0.989949493661,-0.141421356237,108.046286378,0.785398163397,87.0,0.0,1.0,166.953619728,-2.35619449019,2.35619449019,1.8505508252,1.0,375.0
c,-0.894427191,-0.4472135955,122.641754717,0.785398163397,79.4292137692,-0.18884739365,0.982006446981,195.702053824,-2.0344439358,5.81953769818,4.92687993372,1.0,485.0
c,-0.780868809443,-0.624695047554,96.8297474953,0.785398163397,54.1479454827,0.0738716855153,0.997267754457,172.078409854,-0.785398163397,0.785398163397,0.616850275068,2.0,390.0
c,-0.894427191,-0.4472135955,108.166538264,0.785398163397,78.6447709641,-0.203446456819,0.979086073442,168.182817484,-3.14159265359,4.71238898038,3.70110165041,1.0,407.0
c,-0.980580675691,-0.196116135138,108.00462953,0.785398163397,78.6447709641,-0.203446456819,0.979086073442,166.365380125,-3.46334320799,5.03413953478,4.31002965865,1.0,438.0
c,-0.287347885566,0.957826285221,140.470637501,0.785398163397,96.1769203084,0.155962573473,0.987762965329,278.657477284,-3.92699081699,5.49778714378,4.31795192548,1.0,735.0
c,-0.164398987305,0.986393923832,117.991525119,0.785398163397,70.0642562224,-0.0428178383922,0.999082895818,230.361680385,-3.92699081699,8.63937979737,6.78535302575,0.0,782.0
c,-0.14834045293,0.988936352868,91.2414379545,0.785398163397,56.2227711875,0.0889319379745,0.996037705314,179.897486639,-3.92699081699,5.49778714378,4.31795192548,0.0,688.0
d,-0.099503719021,0.99503719021,136.124942608,1.10714871779,124.903963108,-0.120092266304,0.992762734783,234.509890955,-5.49778714378,7.06858347058,5.55165247561,3.0,719.0
d,0.196116135138,0.980580675691,132.400906341,1.10714871779,98.2496819333,0.0712470499879,0.997458699831,246.383869135,-3.92699081699,7.06858347058,5.55165247561,1.0,750.0
d,0.164398987305,0.986393923832,86.5390085453,1.10714871779,71.1125867902,-0.056248832739,0.998416781117,178.786492507,-2.4980915448,6.92668641597,6.15265821703,0.0,703.0
d,0.0,1.0,87.2353139503,1.10714871779,71.2530701093,-0.0842068979034,0.996448291857,166.260628465,-1.2490457724,3.46334320799,3.07632910852,1.0,687.0
d,-0.0766964988847,0.997054485502,108.300507847,0.785398163397,85.9883713068,-0.151183233296,0.988505756164,242.390346858,-5.49778714378,11.780972451,10.1880969257,1.0,656.0
d,0.0,1.0,95.5091618642,1.2490457724,85.0529246999,-0.0352721556676,0.999377743916,177.255046911,2.35619449019,3.92699081699,3.08425137534,1.0,640.0
d,0.0,1.0,105.118980208,1.10714871779,80.5046582503,-0.111794773068,0.993731316159,209.472958585,-3.92699081699,7.06858347058,5.55165247561,1.0,672.0
d,0.0,1.0,88.7693640847,1.10714871779,74.0607858451,-0.0405072666427,0.999179243854,175.842864907,0.0,6.28318530718,4.93480220054,1.0,640.0
d,0.0,1.0,90.2496537389,1.10714871779,76.026311235,-0.0263066820882,0.999653919353,213.391037515,-2.81984209919,6.60493586158,5.54373020879,1.0,672.0
d,0.0,1.0,96.7729300993,1.10714871779,76.026311235,0.0263066820882,0.999653919353,194.957184972,0.0,1.57079632679,1.23370055014,0.0,671.0
d,-0.164398987305,0.986393923832,96.5660395791,1.2490457724,85.0058821494,-0.0117638918004,0.999930803031,173.454984371,0.321750554397,5.03413953478,4.31002965865,1.0,781.0
d,0.0,1.0,119.854077945,1.2490457724,105.0428484,-0.0285597738989,0.999592086461,231.346140762,-1.57079632679,1.57079632679,1.23370055014,1.0,719.0
d,0.0,1.0,103.817146946,1.10714871779,89.0056178002,0.0112352458723,0.999936882633,213.432655789,0.0,3.14159265359,2.46740110027,1.0,672.0
d,0.316227766017,0.948683298051,85.422479477,0.785398163397,47.6759897642,0.167799348048,0.985821169784,193.096393794,-3.92699081699,3.92699081699,3.08425137534,0.0,704.0
d,0.0,1.0,101.592322545,1.10714871779,83.0060238778,-0.0120473184148,0.999927428426,197.297043537,-0.785398163397,5.49778714378,4.31795192548,1.0,750.0
d,0.0,1.0,104.651803616,1.10714871779,84.2911620515,-0.0830454798537,0.996545758245,210.163833957,-0.785398163397,2.35619449019,1.8505508252,1.0,922.0
d,0.0905357460425,0.995893206468,76.8960337079,1.10714871779,70.256672281,-0.0854011413464,0.996346649042,131.297522821,-4.39063842599,12.8881211688,10.4785324093,1.0,672.0
d,-0.4472135955,-0.894427191,196.77398202,1.10714871779,58.2494635168,0.978549784987,0.20601048105,513.375272312,-3.14159265359,4.71238898038,3.70110165041,6.0,984.0
d,-0.980580675691,-0.196116135138,134.718224454,0.785398163397,55.9016994375,0.73343029662,0.67976466516,348.23557599,2.35619449019,7.06858347058,5.55165247561,1.0,782.0
d,-0.868243142124,-0.496138938357,138.654246239,1.10714871779,52.3545604508,0.47751332042,0.878624509573,364.232061,-6.28318530718,9.42477796077,7.40220330082,1.0,1078.0
e,1.0,0.0,85.4751425854,0.785398163397,52.3259018078,0.707106781187,0.707106781187,176.780886248,0.0,1.57079632679,1.23370055014,0.0,500.0
e,0.993883734674,-0.110431526075,84.8115558164,0.785398163397,54.4058820349,0.808736084303,0.588171697675,194.116305091,-0.463647609001,2.67794504459,2.45947883345,0.0,578.0
e,0.871575537125,0.490261239633,91.0494371207,0.785398163397,65.7343137182,0.836701516894,0.547659174694,228.982779389,-2.35619449019,3.92699081699,3.08425137534,0.0,625.0
e,1.0,0.0,111.521298414,0.785398163397,58.2580466545,0.772425485991,0.635105399593,249.924762046,-3.14159265359,3.14159265359,2.46740110027,2.0,579.0
e,0.832050294338,0.554700196225,108.724422279,0.785398163397,78.8923316933,0.507020126563,0.861934215158,225.74203974,-3.92699081699,7.06858347058,5.55165247561,1.0,609.0
e,1.0,0.0,89.4035793467,0.785398163397,71.4492827116,0.685801146497,0.727788971793,170.936201309,-1.57079632679,6.28318530718,4.93480220054,0.0,625.0
e,0.707106781187,0.707106781187,87.2353139503,1.10714871779,80.062475605,0.462139094756,0.886807452099,163.335962264,-0.283794109208,12.2825765052,11.0716158839,1.0,688.0
e,0.894427191,-0.4472135955,126.269552941,0.785398163397,81.3449445264,0.688426310031,0.725306290926,269.663797763,-2.81984209919,5.03413953478,4.31002965865,1.0,844.0
e,1.0,0.0,63.41135545,0.785398163397,34.4093010682,0.813733471207,0.581238193719,155.68817798,-0.785398163397,2.35619449019,1.8505508252,0.0,704.0
e,0.894427191,0.4472135955,61.611687203,0.785398163397,36.4005494464,0.796691270902,0.604386481374,155.916146372,-6.28318530718,9.42477796077,7.40220330082,0.0,875.0
e,1.0,0.0,116.516093309,0.785398163397,54.6443043693,0.567305236251,0.82350760101,246.044628419,-3.14159265359,6.28318530718,4.93480220054,1.0,719.0
e,0.768221279597,0.640184399664,122.613212991,0.785398163397,71.1969100453,0.491594368038,0.870824309096,252.031510933,-2.0344439358,4.24874137138,3.69317938359,1.0,578.0
e,0.986393923832,0.164398987305,93.4077084613,0.785398163397,67.6239602508,0.621081637991,0.783745876513,202.068358122,-1.57079632679,3.14159265359,2.46740110027,0.0,672.0
e,1.0,0.0,110.453610172,0.785398163397,68.2641926635,0.849640166198,0.527362861778,256.082755931,-1.57079632679,3.14159265359,2.46740110027,1.0,609.0
e,0.928476690885,0.371390676354,147.410990092,0.785398163397,92.7846970141,0.506549048631,0.862211146606,306.01193058,0.321750554397,1.89254688119,1.84262855838,2.0,593.0
e,1.0,0.0,87.6926450736,0.0,51.8844870843,0.886584846165,0.462566006695,151.433280943,0.785398163397,3.92699081699,3.08425137534,0.0,719.0
e,1.0,0.0,112.800709218,0.785398163397,72.422372234,0.814665388333,0.57993129339,255.081232573,-0.785398163397,0.785398163397,0.616850275068,1.0,594.0
e,1.0,0.0,114.808536268,0.785398163397,77.3886296558,0.904525642996,0.426419231698,254.058647728,0.0,6.28318530718,4.93480220054,1.0,687.0
e,0.832050294338,-0.554700196225,97.8365984691,0.0,74.4311762637,0.994207047566,-0.10748184298,213.373418001,-3.14159265359,7.85398163397,6.16850275068,1.0,829.0
e,0.894427191,0.4472135955,164.05486887,0.0,131.034346642,0.892895664366,-0.45026362562,361.635910944,-2.35619449019,2.35619449019,1.8505508252,5.0,719.0
f,0.0,-1.0,215.594526832,0.785398163397,49.8196748283,0.180651520328,0.983547166232,479.897394316,-22.7765467385,22.7765467385,17.888657977,2.0,969.0
f,-0.707106781187,-0.707106781187,190.517715712,1.10714871779,66.0681466366,-0.0454076609186,0.99896854021,395.491784775,-16.1716108769,19.9567046393,16.0301848849,3.0,687.0
f,-0.640184399664,-0.768221279597,140.801278403,0.785398163397,31.6227766017,0.316227766017,0.948683298051,297.334022707,-13.3517687778,18.7076588669,15.4054123431,2.0,750.0
f,-0.554700196225,-0.832050294338,169.026625122,0.785398163397,56.7274184147,-0.65224191465,0.758010873783,326.127737437,-14.9225651046,18.0641577581,14.1875563266,2.0,719.0
f,-0.274721127897,-0.961523947641,158.29403021,0.785398163397,47.5184174821,0.147311303089,0.989090177882,340.161672215,-14.4589174956,14.4589174956,11.7122329595,4.0,735.0
f,-0.371390676354,-0.928476690885,185.809041761,0.785398163397,85.4751425854,-0.105293769952,0.994441160657,362.944546565,-17.2787595947,18.8495559215,14.8044066016,2.0,797.0
f,0.4472135955,-0.894427191,164.20109622,1.10714871779,65.06919394,-0.0461047666084,0.998936609849,332.235455351,-17.7424072037,19.9567046393,16.0301848849,2.0,812.0
f,-0.624695047554,-0.780868809443,134.033577883,0.785398163397,57.008771255,-0.263117405792,0.964763821238,250.204856025,-14.1371669412,15.7079632679,12.3370055014,2.0,890.0
f,-0.164398987305,-0.986393923832,157.848028179,1.10714871779,34.9284983931,0.229039333726,0.973417168334,320.47495395,-13.9952698865,15.5660662133,12.9380112428,9.0,688.0
f,-0.707106781187,-0.707106781187,198.403628999,1.2490457724,113.017697729,-0.0176963434947,0.999843407453,328.623277817,-8.96113035177,13.6735193322,11.0953826844,10.0,579.0
f,-0.808736084303,-0.588171697675,174.837067008,0.785398163397,78.2368199763,-0.57517675199,0.818029158386,312.719990821,-13.6735193322,13.6735193322,11.0953826844,4.0,719.0
f,-0.996545758245,-0.0830454798537,186.010752377,1.2490457724,112.361025271,0.0800989487082,0.996786917258,316.39089201,-13.6735193322,13.6735193322,11.0953826844,7.0,594.0
f,-0.554700196225,-0.832050294338,163.477827243,1.10714871779,84.403791384,-0.236956180191,0.971520338783,276.03687545,-10.853677233,16.4933614313,13.8891985761,3.0,656.0
f,0.0,-1.0,174.553716661,1.10714871779,61.1310068623,0.0654332425607,0.99785694905,341.800395667,-17.2787595947,20.4203522483,16.0381071518,2.0,891.0
f,-0.780868809443,-0.624695047554,219.045657341,0.785398163397,93.7709976485,-0.12797133763,0.991777866634,442.895918546,-19.6349540849,21.2057504117,16.6549574268,3.0,813.0
f,-0.196116135138,-0.980580675691,54.626001135,1.10714871779,17.4642491966,-0.40081883402,0.916157334902,103.000041012,-7.21048052518,11.6390753964,9.85375986744,0.0,625.0
f,-0.141421356237,-0.989949493661,169.499262535,0.785398163397,31.384709653,-0.382351792726,0.924016832422,346.153276566,-14.9225651046,17.1368625401,14.1717117929,3.0,750.0
f,0.0,-1.0,185.526278462,1.37340076695,2.82842712475,0.707106781187,-0.707106781187,399.910675011,-2.35619449019,10.2101761242,8.01905357589,3.0,969.0
f,0.928476690885,-0.371390676354,340.332190661,1.2490457724,18.7882942281,0.904818702201,0.42579703633,711.52626989,-6.28318530718,7.85398163397,6.16850275068,13.0,828.0
f,0.707106781187,-0.707106781187,202.0,1.32581766367,9.48683298051,0.316227766017,-0.948683298051,440.265395779,-0.785398163397,8.63937979737,7.7206958254,4.0,968.0
g,-0.928476690885,-0.371390676354,170.393661854,1.10714871779,89.185200566,0.504568019295,0.863371944127,404.407693463,-16.4933614313,16.4933614313,12.9538557764,2.0,1000.0
g,-0.668964731622,-0.743294146247,172.409396496,1.10714871779,69.4262198308,0.20165292067,0.979457043257,406.756942469,-11.317324842,17.6005101491,14.1796340597,4.0,1203.0
g,-0.4472135955,-0.894427191,177.792013319,1.10714871779,65.0,0.246153846154,0.969230769231,402.804825276,-14.334562501,20.8664577973,17.9084922848,4.0,968.0
g,-0.4472135955,-0.894427191,212.532350479,1.10714871779,50.6063237155,0.790415052175,0.612571665436,587.897208784,-14.6008145502,16.8151119857,13.5627837847,10.0,890.0
g,-0.196116135138,-0.980580675691,167.21542991,0.785398163397,69.8355210477,0.486858256227,0.873480989114,401.807378732,-15.2443156589,18.3859083125,14.7964843348,2.0,1063.0
g,0.316227766017,-0.948683298051,127.78106276,1.2490457724,68.4105255059,0.263117405792,0.964763821238,271.163320734,-9.96519746104,19.3899754218,16.8806916035,6.0,922.0
g,-0.928476690885,-0.371390676354,143.756738972,0.785398163397,41.5932686862,0.889567018144,0.456804684993,395.879088332,-13.9573134414,19.9567046393,16.9655276846,8.0,891.0
g,-0.707106781187,-0.707106781187,151.637726177,1.10714871779,65.306967469,0.428744452317,0.90342581024,367.119822484,-14.1371669412,15.7079632679,13.272348301,3.0,812.0
g,-0.759256602365,-0.650791373456,159.398870761,1.2490457724,60.166435826,0.265928998126,0.963992618206,352.778869088,-11.6390753964,17.2787595947,14.5060488512,4.0,875.0
g,-0.242535625036,0.970142500145,156.169779407,1.10714871779,47.8852795753,0.480314622866,0.877096267842,399.314624476,-18.8495559215,23.5619449019,19.4408510517,8.0,891.0
g,-0.982872186934,-0.18428853505,203.924005453,1.10714871779,72.2011080247,0.512457509479,0.858712583452,549.765291678,-16.3514643767,16.3514643767,13.5548615179,7.0,922.0
g,-0.851658316705,-0.524097425664,125.39936204,0.785398163397,32.8937684068,-0.334409845171,0.942427745481,331.108025272,-14.1371669412,15.7079632679,12.3370055014,1.0,860.0
g,-0.4472135955,-0.894427191,202.385770251,1.2490457724,61.0327780787,0.311308129797,0.950309027802,489.780470824,-12.8881211688,14.4589174956,11.7122329595,5.0,1000.0
g,-0.780868809443,-0.624695047554,200.960195064,1.10714871779,43.0464865001,0.511075392877,0.859535888021,526.877898434,-14.4589174956,16.0297138223,12.9459335096,8.0,906.0
g,-1.0,0.0,144.471450467,1.10714871779,39.9624824054,0.525492880722,0.850797997359,396.713251197,-14.9225651046,17.1368625401,14.1717117929,5.0,843.0
g,-0.6,-0.8,109.16501271,1.10714871779,30.083217913,0.365652372423,0.93075149344,278.969222583,-10.9955742876,15.7079632679,12.3370055014,1.0,953.0
g,-1.0,0.0,158.372977493,0.785398163397,62.2655603042,0.497867518553,0.867253096835,372.106442506,-15.7079632679,23.5619449019,18.505508252,1.0,1219.0
g,0.216930457819,-0.976187060184,208.856410005,0.785398163397,25.495097568,0.980580675691,0.196116135138,593.970111465,-19.6349540849,19.6349540849,15.4212568767,7.0,1172.0
g,-0.554700196225,-0.832050294338,208.01922988,0.785398163397,61.7170964968,0.45368304067,-0.891163115601,567.768809737,-18.7076588669,29.7032331545,24.041316194,2.0,1625.0
g,0.0,-1.0,213.084490285,0.785398163397,40.4474968323,0.988936352868,-0.14834045293,665.910505546,-18.5278053671,23.8836954563,19.1144362603,4.0,1562.0
h,0.0,1.0,145.399449793,1.10714871779,139.84634425,0.386138088126,0.922440988301,300.262366593,-12.5663706144,12.5663706144,9.86960440109,4.0,547.0
h,0.124034734589,0.992277876714,113.635381814,1.10714871779,113.635381814,0.422403649583,0.906407831397,196.295133433,-12.1027230054,13.6735193322,11.0953826844,2.0,531.0
h,0.0,1.0,147.62791064,1.10714871779,145.773797371,0.377296887314,0.92609235977,277.78716005,-10.9955742876,10.9955742876,8.63590385095,2.0,563.0
h,0.0249921911602,0.999687646408,121.461928192,1.10714871779,116.86744628,0.402165029665,0.915567195194,245.838696622,-7.85398163397,9.42477796077,7.40220330082,2.0,609.0
h,0.0665190105238,0.997785157857,94.8103369892,1.10714871779,93.0215028905,0.451508508194,0.892266813811,208.638418354,-10.2101761242,10.2101761242,8.01905357589,2.0,625.0
h,0.0,1.0,125.574678976,1.2490457724,125.574678976,0.294645387921,0.955606663527,234.67631704,-6.14128825258,6.14128825258,5.53580794197,2.0,563.0
h,0.0,1.0,99.7246208316,1.10714871779,98.3514107677,0.32536391446,0.945588876398,185.597358503,-8.63937979737,8.63937979737,6.78535302575,2.0,656.0
h,0.0,1.0,108.756608995,0.785398163397,98.8129546163,0.586967571461,0.809610443394,237.039133652,-12.8881211688,12.8881211688,10.4785324093,2.0,594.0
h,0.0,1.0,161.616830807,1.32581766367,157.876534038,0.190021906566,0.98177985059,296.838676378,-11.5835768911,11.5835768911,9.90528324253,4.0,578.0
h,0.0,1.0,138.578497611,1.10714871779,138.578497611,0.346374082759,0.938096474139,227.269531598,-8.63937979737,10.2101761242,8.01905357589,1.0,594.0
h,0.0,1.0,125.251746495,1.10714871779,121.115647214,0.31374971669,0.949505721561,233.710774511,-10.9955742876,10.9955742876,8.63590385095,2.0,641.0
h,0.0,1.0,77.0778826902,1.10714871779,77.0778826902,0.38921671111,0.921146216294,129.269671117,-5.81953769818,7.39033402497,6.16058048386,1.0,687.0
h,1.0,0.0,107.042047813,0.785398163397,90.2108640908,0.587512385944,0.809215173092,180.38845133,-12.5663706144,12.5663706144,9.86960440109,1.0,625.0
h,0.14834045293,0.988936352868,153.075144945,1.2490457724,152.777616162,0.294545766131,0.955637374559,272.880767554,-14.9225651046,14.9225651046,11.7201552263,6.0,563.0
h,0.0,1.0,131.103012933,1.10714871779,129.807549857,0.362074471413,0.932149171083,226.214922177,-6.60493586158,8.17573218837,6.77743075893,1.0,625.0
h,0.0,1.0,121.630588258,1.10714871779,121.630588258,0.36997272351,0.929042616815,248.377044965,-11.780972451,11.780972451,9.25275412602,2.0,563.0
h,-0.116841247567,0.993150604323,112.53888217,1.10714871779,93.2308961665,0.386138088126,0.922440988301,203.420681175,-7.85398163397,7.85398163397,6.16850275068,2.0,468.0
h,0.860291533634,-0.509802390302,275.855034393,0.785398163397,109.567330897,0.894427191,0.4472135955,697.133262342,-16.1716108769,21.5275009661,17.2638854351,4.0,1235.0
h,1.0,0.0,168.240898714,0.785398163397,69.77105417,0.888620657055,0.45864291977,443.406787726,-17.6005101491,22.3128991295,17.8807357102,1.0,1141.0
h,0.894427191,-0.4472135955,173.51080658,0.0,145.399449793,0.928476690885,-0.371390676354,468.286254479,-17.7424072037,25.5963888377,20.6824738687,2.0,1625.0
i,0.0,1.0,75.3259583411,1.4711276743,75.3259583411,-0.0929294516016,0.995672695731,73.85087176,-2.35619449019,2.35619449019,1.8505508252,1.0,172.0
i,0.0,1.0,58.137767415,1.49948886201,58.137767415,0.0688020916154,0.997630328423,52.1867732449,-0.785398163397,0.785398163397,0.616850275068,0.0,203.0
i,0.0,1.0,63.0,0.0,63.0,0.0,1.0,61.0,0.0,0.0,0.0,0.0,281.0
i,0.0,1.0,60.0083327547,1.55413120308,60.0083327547,-0.016664352334,0.99986114004,57.0827625303,-0.785398163397,0.785398163397,0.616850275068,0.0,297.0
i,0.242535625036,0.970142500145,56.0089278598,1.55294108166,56.0089278598,0.0178542964169,0.999840599345,56.0,0.0,0.0,0.0,1.0,235.0
i,0.0,1.0,92.1954445729,1.50422816302,92.1954445729,-0.0650791373456,0.997880105966,90.4574174195,-2.35619449019,2.35619449019,1.8505508252,1.0,203.0
i,0.0,1.0,58.2151183113,1.48013643959,58.2151183113,-0.085888342153,0.996304768975,58.4279932951,-2.35619449019,2.35619449019,1.8505508252,0.0,297.0
i,0.0,1.0,63.0317380373,1.53854944436,63.0317380373,-0.0317300468348,0.999496475295,62.1327459504,-0.785398163397,0.785398163397,0.616850275068,0.0,266.0
i,-0.0712470499879,0.997458699831,102.961157725,1.37340076695,102.961157725,-0.194248010046,0.98095245073,101.173205062,-5.49778714378,5.49778714378,4.31795192548,0.0,218.0
i,0.0,1.0,68.0,0.0,68.0,0.0,1.0,67.0,0.0,0.0,0.0,1.0,203.0
i,0.0,1.0,75.1664818919,1.50422816302,75.1664818919,-0.0665190105238,0.997785157857,74.4709521567,-0.785398163397,0.785398163397,0.616850275068,1.0,187.0
i,0.0,1.0,63.0713881249,1.52321322352,63.0713881249,-0.0475651494154,0.998868137724,59.1837302025,-1.57079632679,1.57079632679,1.23370055014,0.0,188.0
i,-0.196116135138,0.980580675691,76.3216876124,1.4711276743,76.3216876124,-0.0917170494913,0.995785108762,75.9796229678,-2.35619449019,3.92699081699,3.08425137534,0.0,297.0
i,0.164398987305,0.986393923832,64.1326749793,1.37340076695,64.1326749793,0.18711210789,0.982338566422,61.5747432888,-3.14159265359,3.14159265359,2.46740110027,1.0,188.0
i,-0.20601048105,0.978549784987,65.2763356815,1.4711276743,65.2763356815,-0.091916924217,0.995766679018,58.187976588,-0.785398163397,0.785398163397,0.616850275068,0.0,188.0
i,0.0,1.0,59.0,0.0,59.0,0.0,1.0,57.0,0.0,0.0,0.0,0.0,282.0
i,0.0766964988847,0.997054485502,53.0094331228,1.55193064077,53.0094331228,0.0188645669476,0.999822048224,51.1622776602,-0.785398163397,0.785398163397,0.616850275068,0.0,204.0
i,-0.894427191,-0.4472135955,75.742986474,0.785398163397,46.6690475583,0.707106781187,0.707106781187,108.18763136,-0.785398163397,2.35619449019,1.8505508252,0.0,438.0
i,-0.505719499712,0.862697970098,125.801430834,1.10714871779,72.6911273815,0.137568371275,0.990492273178,193.363960411,-0.785398163397,3.92699081699,3.08425137534,2.0,328.0
i,-0.26962992552,0.962964019714,134.629120178,1.2490457724,134.629120178,-0.259973473448,0.965615758521,127.825938627,-2.35619449019,2.35619449019,1.8505508252,7.0,172.0
j,0.0,1.0,110.063617967,1.2490457724,86.5390085453,-0.381330922953,0.924438601098,143.138293437,-8.63937979737,8.63937979737,6.78535302575,1.0,375.0
j,0.0,1.0,75.6637297521,0.785398163397,67.9558680321,-0.544471008486,0.838779661722,95.7926544457,-8.17573218837,8.17573218837,6.77743075893,0.0,375.0
j,0.0,1.0,77.8845299145,1.2490457724,57.008771255,-0.368364368109,0.929681500465,104.822503399,-7.85398163397,9.42477796077,7.40220330082,0.0,625.0
j,-0.209529088731,0.977802414077,107.967587729,1.2490457724,87.9204185613,-0.329843743632,0.94403554212,137.719198149,-8.17573218837,9.74652851517,8.01113130906,1.0,469.0
j,0.0,1.0,67.6756972628,1.10714871779,49.193495505,-0.4472135955,0.894427191,96.1588085558,-4.71238898038,6.28318530718,4.93480220054,0.0,563.0
j,0.242535625036,0.970142500145,79.6994353807,1.2490457724,69.89277502,-0.32907550163,0.944303613372,104.162437588,-3.14159265359,5.35589008918,4.9189576669,1.0,453.0
j,0.0,1.0,94.9210198007,1.2490457724,66.7083203206,-0.404747112058,0.914428660575,129.660325817,-7.39033402497,7.39033402497,6.16058048386,2.0,454.0
j,0.0,1.0,82.2800097229,1.10714871779,65.7419196556,-0.441118850072,0.897448694974,109.144617343,-7.39033402497,8.96113035177,7.39428103399,0.0,485.0
j,0.0,1.0,101.533245787,1.2490457724,79.8498591107,-0.375705108739,0.926739268223,132.084336324,-7.53223107958,9.10302740637,7.72861809223,0.0,625.0
j,-0.132163720091,0.991227900683,109.731490467,1.10714871779,89.1571646027,-0.392565198276,0.919724178818,139.759471899,-8.63937979737,8.63937979737,6.78535302575,3.0,485.0
j,-0.164398987305,0.986393923832,123.939501371,1.2490457724,96.1353212924,-0.322462125088,0.946582367195,158.437476571,-10.9955742876,10.9955742876,8.63590385095,1.0,532.0
j,0.242535625036,0.970142500145,89.2860571422,1.2490457724,65.192024052,-0.35280389487,0.935697286394,118.197908824,-7.39033402497,7.39033402497,6.16058048386,0.0,562.0
j,0.0,1.0,70.8801805867,1.2490457724,47.4236228055,-0.421730749716,0.906721111889,102.139273412,-6.28318530718,11.6390753964,9.85375986744,0.0,531.0
j,0.1788854382,0.9838699101,94.2019108086,1.40564764938,63.3482438588,-0.205214844297,0.978716949726,133.147323689,-3.46334320799,6.60493586158,5.54373020879,1.0,469.0
j,0.406138466053,0.91381154862,116.811814471,1.10714871779,96.3846460802,-0.383878568888,0.923383584622,143.261557589,-12.5663706144,12.5663706144,9.86960440109,1.0,547.0
j,0.0,1.0,120.07081244,1.2490457724,84.8645980371,-0.365287772723,0.930894646616,158.386534588,-7.85398163397,7.85398163397,6.16850275068,2.0,438.0
j,0.0,1.0,138.6001443,1.2490457724,99.9249718539,-0.390292829474,0.920690777222,185.191812748,-11.317324842,11.317324842,9.2448318592,2.0,422.0
j,-0.242535625036,0.970142500145,428.544046744,0.785398163397,169.664374575,0.996084183395,0.0884098387629,805.391165539,-19.6349540849,19.6349540849,15.4212568767,12.0,625.0
j,-0.196116135138,0.980580675691,302.301174328,0.785398163397,111.157545853,0.989586439285,0.143939845714,597.265736421,-21.9911485751,21.9911485751,17.2718077019,4.0,1000.0
j,0.0,-1.0,179.359973238,0.785398163397,55.3624421427,0.957327710787,0.289004591936,337.79220143,-15.2443156589,15.2443156589,12.3290832345,2.0,703.0
k,0.0,1.0,92.7038294786,1.10714871779,87.8464569576,0.38703894474,0.922063368351,222.461535309,-7.06858347058,8.63937979737,6.78535302575,3.0,829.0
k,0.0,1.0,117.618025829,0.785398163397,100.304536288,0.348937359118,0.937146050203,312.141131271,-14.6008145502,16.8151119857,13.5627837847,1.0,875.0
k,-0.116841247567,0.993150604323,105.118980208,1.10714871779,100.900941522,0.336964150058,0.941517478104,228.314890006,-9.42477796077,10.9955742876,8.63590385095,2.0,875.0
k,0.0,1.0,98.3514107677,1.10714871779,92.2279784014,0.162640450978,0.986685402601,220.360089299,-6.28318530718,9.42477796077,7.40220330082,1.0,1047.0
k,0.110431526075,0.993883734674,106.042444332,1.2490457724,103.07764064,0.242535625036,0.970142500145,259.143099576,-7.85398163397,12.5663706144,9.86960440109,2.0,860.0
k,-0.0905357460425,0.995893206468,91.3892772704,1.10714871779,84.403791384,0.236956180191,0.971520338783,247.545260211,-10.9955742876,10.9955742876,8.63590385095,1.0,859.0
k,0.0,1.0,103.445637897,1.2490457724,102.357217625,0.254012375514,0.967200968303,212.337640597,-10.2101761242,13.9952698865,11.7043106926,0.0,1016.0
k,0.0,1.0,82.8733974204,1.10714871779,82.2192191644,0.316227766017,0.948683298051,196.063369036,-8.83677535722,13.1543732179,11.1389837927,1.0,844.0
k,0.0,1.0,108.521887193,1.2490457724,101.202766761,0.207504208355,0.978234125102,240.033385408,-8.83677535722,13.1543732179,11.1389837927,1.0,875.0
k,0.0,1.0,90.1387818866,1.2490457724,88.5268320906,0.237216214611,0.971456878881,204.708116438,-6.92668641597,8.49748274277,7.38635876717,1.0,859.0
k,0.0,1.0,96.0052081921,1.10714871779,96.0052081921,0.374979656603,0.927033039936,199.502186449,-5.49778714378,8.63937979737,6.78535302575,1.0,750.0
k,0.0,1.0,98.2344135219,1.2490457724,97.2933707916,0.215842043801,0.976428293387,192.470192287,-9.42477796077,10.9955742876,8.63590385095,1.0,891.0
k,0.0,1.0,127.953116414,1.10714871779,125.538838612,0.382351792726,0.924016832422,338.678955933,-12.24462006,17.6005101491,14.1796340597,9.0,875.0
k,0.0,1.0,168.961534084,1.2490457724,166.865215069,0.239714430497,0.970843443513,338.088089256,-10.2101761242,10.2101761242,8.01905357589,4.0,844.0
k,0.099503719021,0.99503719021,98.0866963456,1.10714871779,94.8683298051,0.316227766017,0.948683298051,241.733500234,-8.96113035177,12.1027230054,9.86168213427,1.0,657.0
k,0.0,1.0,148.677503342,1.2490457724,137.186005117,0.131208719028,0.99135476599,298.112198504,-10.2101761242,11.780972451,9.25275412602,6.0,734.0
k,0.0,1.0,145.523194028,1.2490457724,134.082064423,0.126788023985,0.991929834703,306.428366144,-8.96113035177,10.5319266786,8.62798158413,6.0,750.0
k,0.707106781187,-0.707106781187,182.849665026,0.785398163397,95.707888912,0.898567515986,0.438835298505,567.506245704,-33.6302239715,33.6302239715,27.1255675693,6.0,1719.0
k,0.948683298051,-0.316227766017,188.353391262,0.785398163397,134.647688432,0.883787916347,-0.467887720419,584.192579454,-18.0641577581,26.5616405009,21.5739150937,6.0,2219.0
k,0.868243142124,-0.496138938357,195.780489324,0.0,162.963186027,0.914316930301,-0.404999445636,504.002618338,-19.9567046393,25.3125947285,20.9491425518,3.0,1969.0
l,0.752576694707,-0.658504607869,149.485785277,1.10714871779,38.0788655293,0.866622456874,-0.498964444867,268.370912717,-2.81984209919,6.60493586158,5.54373020879,8.0,469.0
l,0.474099823035,-0.880471099922,133.809566175,1.2490457724,24.0416305603,0.956673880429,-0.291161615783,259.315472606,-2.0344439358,5.81953769818,4.92687993372,2.0,531.0
l,0.707106781187,-0.707106781187,118.595952713,1.2490457724,19.2353840617,0.467887720419,0.883787916347,224.539847112,-1.15973177941,5.76695463657,5.99815090217,2.0,531.0
l,0.707106781187,-0.707106781187,91.4166286843,1.10714871779,14.4222051019,0.832050294338,0.554700196225,182.422241418,0.0,4.71238898038,3.70110165041,1.0,641.0
l,0.658504607869,-0.752576694707,138.003623141,1.10714871779,36.0693775937,0.693108716252,0.720833064902,252.367580886,-3.92699081699,3.92699081699,3.08425137534,2.0,594.0
l,1.0,0.0,152.200525623,1.10714871779,36.8781778292,0.759256602365,-0.650791373456,287.529610005,-3.60524026259,8.96113035177,7.39428103399,2.0,594.0
l,0.707106781187,-0.707106781187,133.135269557,1.10714871779,30.4138126515,0.723355544144,-0.690475746683,248.31023311,-2.13752554432,9.50154985204,8.53522323622,2.0,641.0
l,0.928476690885,-0.371390676354,156.320184237,1.2490457724,33.6154726279,0.386726676251,0.922194381829,286.599345624,-3.14159265359,4.71238898038,3.70110165041,2.0,562.0
l,0.6,-0.8,133.794618726,1.10714871779,19.2353840617,0.883787916347,-0.467887720419,261.34416708,-2.67794504459,6.74683291618,5.87806726702,3.0,531.0
l,0.0,-1.0,130.249760077,1.2490457724,14.1421356237,-0.141421356237,0.989949493661,250.66897419,-3.92699081699,5.49778714378,4.31795192548,3.0,609.0
l,0.554700196225,-0.832050294338,149.576067604,1.2490457724,26.5706605112,0.940887411869,-0.338719468273,297.824699272,-3.14159265359,4.71238898038,3.70110165041,2.0,1016.0
l,0.66436383883,-0.747409318684,150.416089565,1.10714871779,26.9258240357,0.928476690885,-0.371390676354,294.306270383,-1.57079632679,4.71238898038,3.70110165041,2.0,657.0
l,0.4472135955,-0.894427191,76.550636836,1.10714871779,12.0415945788,0.747409318684,-0.66436383883,153.602783227,-3.68201215386,6.82360480745,6.07574440277,1.0,641.0
l,0.371390676354,-0.928476690885,147.054411699,1.2490457724,16.9705627485,0.707106781187,0.707106781187,284.209104152,-6.28318530718,6.28318530718,4.93480220054,3.0,562.0
l,0.613940613515,-0.789352217376,103.121287812,1.10714871779,33.4215499341,0.777941180204,-0.628337107088,181.92367455,-6.28318530718,7.85398163397,6.16850275068,2.0,1125.0
l,0.707106781187,-0.707106781187,159.665274872,0.785398163397,33.1209903234,0.875577684027,-0.483077342911,299.396496543,-3.92699081699,8.63937979737,6.78535302575,2.0,953.0
l,0.707106781187,-0.707106781187,171.746906813,1.2490457724,25.8069758011,0.813733471207,-0.581238193719,330.780555413,-2.67794504459,9.88842556977,9.28081116695,5.0,672.0
l,0.894427191,-0.4472135955,154.922561301,0.785398163397,87.8179936004,0.865426285481,-0.501036270542,344.006912331,-11.4592218966,22.8145031837,19.6995974681,1.0,1875.0
l,0.961523947641,-0.274721127897,183.961952588,0.785398163397,83.8629834909,0.989709601841,0.143090544844,367.785344174,-0.141897054604,4.57049192578,4.30210739183,8.0,610.0
l,0.341743063087,-0.939793423488,195.757503049,1.10714871779,65.7343137182,0.973616310568,-0.228191322789,388.43950473,-3.306741331,7.68883295656,6.91064751475,6.0,546.0
m,0.0,1.0,88.0908621822,0.0,87.4585616163,0.777511072024,0.628869249431,246.566216226,-17.9222607035,17.9222607035,14.788562068,1.0,906.0
m,0.0,1.0,76.6941979553,0.0,75.4320886626,0.782160497556,0.623077006527,206.951253943,-14.3170204409,15.8878167677,13.546939251,1.0,984.0
m,0.171341174751,0.98521175482,91.0494371207,0.785398163397,78.5175139698,0.725952683906,0.687744647911,268.940276217,-18.7076588669,20.2784551937,16.6391128932,3.0,890.0
m,0.4472135955,0.894427191,101.138518874,0.0,79.649231007,0.878853431666,0.477091862904,292.944911778,-17.9222607035,22.6346496839,18.4896637184,2.0,1016.0
m,0.0,1.0,87.0459648691,0.0,70.2637886824,0.910853246034,0.412730377109,221.055915216,-17.1368625401,21.2057504117,17.5903002265,0.0,906.0
m,0.129339184068,0.991600411186,128.035151423,0.0,105.815877826,0.859984360287,0.510320389621,360.389943797,-21.0638533571,21.0638533571,17.2559631683,3.0,875.0
m,0.0,1.0,111.830228472,0.0,102.727795654,0.856632807503,0.515926577246,270.648271937,-20.4203522483,20.4203522483,16.0381071518,0.0,906.0
m,-0.14834045293,0.988936352868,113.811247247,0.0,107.447661678,0.78177597063,0.623559405145,273.253281931,-19.1713064759,19.1713064759,15.4133346099,1.0,750.0
m,0.242535625036,0.970142500145,99.3227063667,0.0,95.1892851113,0.850936110144,0.525269203793,237.130976675,-16.1716108769,19.3132035305,15.7476716681,0.0,1125.0
m,0.196116135138,0.980580675691,83.2165848855,0.0,75.7693869581,0.923855963606,0.38274032778,200.774667216,-19.6349540849,19.6349540849,15.4212568767,0.0,953.0
m,0.0,1.0,80.6039701255,0.0,78.816241981,0.812015371343,0.583636048153,186.474526981,-14.9225651046,16.4933614313,12.9538557764,0.0,1000.0
m,0.707106781187,0.707106781187,63.8122245342,0.0,60.5392434707,0.858946974209,0.512064542317,160.312772445,-17.2787595947,17.2787595947,13.5707060515,0.0,906.0
m,0.581238193719,0.813733471207,64.6606526413,0.0,62.6498204307,0.877895572914,0.478852130681,137.20628265,-16.8151119857,16.8151119857,13.5627837847,0.0,1203.0
m,0.554700196225,0.832050294338,71.8679344353,0.0,68.8839603972,0.885547225338,0.464549364112,170.495667393,-20.7421028027,20.7421028027,16.64703516,0.0,1109.0
m,0.0,1.0,46.5188133985,0.0,44.598206242,0.941741911595,0.336336396998,111.6289073,-13.9952698865,16.2095673221,14.1558672593,0.0,1312.0
m,0.1788854382,0.9838699101,89.3084542471,0.0,88.2043082848,0.838961287028,0.544191105099,222.245276708,-17.2787595947,18.8495559215,14.8044066016,0.0,1031.0
m,0.393919298579,0.919145030018,111.39569112,0.0,97.6165969495,0.87075356708,0.49171966141,276.712010569,-19.1713064759,19.1713064759,15.4133346099,1.0,812.0
m,0.0,-1.0,229.863002678,0.785398163397,177.544360654,0.89555083256,-0.444959218694,431.621387736,-21.2057504117,21.2057504117,16.6549574268,10.0,687.0
m,0.274721127897,-0.961523947641,155.595629759,0.0,129.653384067,0.994960532102,0.100267340444,328.742703483,-20.4203522483,20.4203522483,16.0381071518,1.0,1016.0
m,0.640184399664,0.768221279597,106.40018797,0.0,99.1261822124,0.857492925713,0.514495755428,264.491448786,-20.4203522483,20.4203522483,16.0381071518,0.0,938.0
n,0.6,0.8,52.3259018078,0.785398163397,52.3259018078,0.707106781187,0.707106781187,124.746782039,-14.9225651046,16.4933614313,12.9538557764,0.0,719.0
n,0.0,1.0,65.8559033041,0.785398163397,53.8237865632,0.817482433131,0.575953532433,144.458979591,-10.9955742876,10.9955742876,8.63590385095,0.0,687.0
n,-0.0766964988847,0.997054485502,59.5482997238,0.785398163397,55.6057550978,0.611447501076,0.791285001392,135.848775441,-13.3517687778,13.3517687778,10.4864546762,0.0,578.0
n,0.0,1.0,73.4302390027,0.785398163397,69.7782200977,0.429933580392,0.902860518824,190.100309949,-12.5663706144,12.5663706144,9.86960440109,0.0,532.0
n,-0.053975258015,0.998542273278,76.026311235,1.10714871779,68.4251415782,0.453049848126,0.891485185022,176.56541888,-7.65658607412,12.3689750545,11.4574763173,1.0,485.0
n,0.152057184254,0.988371697651,86.6083136887,0.785398163397,77.4209274034,0.581238193719,0.813733471207,190.739794749,-12.1027230054,12.1027230054,9.86168213427,2.0,407.0
n,0.0391855666954,0.999231950732,79.2590688817,0.785398163397,79.2590688817,0.492057256668,0.87056283872,204.416878201,-12.1027230054,12.1027230054,9.86168213427,1.0,453.0
n,0.104684784518,0.994505452921,94.3716058992,1.10714871779,94.3716058992,0.434452710742,0.900694644221,234.507679688,-13.3517687778,13.3517687778,10.4864546762,1.0,438.0
n,0.118212889785,0.992988274195,95.2942810456,0.785398163397,95.2942810456,0.472221412515,0.881479970029,218.226329741,-10.5319266786,10.5319266786,8.62798158413,1.0,406.0
n,0.0,1.0,72.1110255093,0.785398163397,57.2800139665,0.698323852075,0.715781948377,162.910697678,-10.9955742876,10.9955742876,8.63590385095,0.0,766.0
n,0.14834045293,0.988936352868,79.3221280602,0.785398163397,72.8010988928,0.604386481374,0.796691270902,186.419291668,-11.780972451,11.780972451,9.25275412602,2.0,390.0
n,0.0208288136818,0.999783056728,79.7558775264,0.785398163397,79.7558775264,0.501530435632,0.865140001465,210.498471037,-10.5319266786,12.1027230054,9.86168213427,2.0,391.0
n,-0.0263066820882,0.999653919353,80.5294977012,1.10714871779,78.3900503891,0.395458350213,0.918483910173,222.931229254,-11.4592218966,11.4592218966,9.57916891743,2.0,437.0
n,0.0598922907279,0.998204845466,86.8331733844,0.785398163397,86.8331733844,0.48368611169,0.875241535439,229.773278392,-13.3517687778,13.3517687778,10.4864546762,3.0,422.0
n,0.0525588331228,0.998617829333,105.118980208,1.10714871779,105.118980208,0.428086344739,0.903737838894,259.849316001,-12.24462006,12.24462006,10.1960191925,4.0,422.0
n,0.018515344006,0.999828576325,111.825757319,0.785398163397,102.95630141,0.485642931179,0.874157276122,288.038397321,-12.5663706144,14.1371669412,11.1033049512,4.0,484.0
n,0.115500858175,0.993307380301,94.6678403683,0.785398163397,84.6286003665,0.579000477235,0.815327202638,232.472859037,-12.1027230054,12.1027230054,9.86168213427,2.0,391.0
n,0.0,-1.0,79.61155695,0.785398163397,44.9221548904,0.957211427299,-0.289389501276,137.571798283,-10.9955742876,10.9955742876,8.63590385095,1.0,563.0
n,-0.894427191,-0.4472135955,86.3712915268,0.0,65.1459898996,0.951708617761,0.307002779923,195.394758699,-10.9955742876,12.5663706144,9.86960440109,0.0,1203.0
n,-0.503871025524,0.863778900898,210.04047229,0.785398163397,126.194294641,0.998460353205,0.0554700196225,526.537382682,-21.2057504117,22.7765467385,18.8240007766,5.0,1250.0
o,-0.114624107985,0.993408935871,109.658560997,0.0,7.28010988928,0.961523947641,-0.274721127897,206.732813983,0.0,0.0,0.0,6.0,250.0
o,-0.996684615823,-0.0813620094549,126.574088976,0.785398163397,37.6430604494,-0.956351571051,-0.292218535599,305.940727934,0.0,0.0,0.0,4.0,390.0
o,0.094809092628,0.995495472594,118.810773922,0.785398163397,61.2045749924,0.0816932394453,0.996657521232,300.72041995,0.0,0.0,0.0,2.0,484.0
o,-0.792623989105,0.60971076085,125.67020331,0.785398163397,37.483329628,-0.693641687066,0.720320213491,300.141280077,0.0,0.0,0.0,4.0,453.0
o,-0.419058177462,0.9079593845,141.240928912,0.785398163397,59.0338885726,-0.626758644817,0.779213450312,325.208281802,0.0,0.0,0.0,4.0,422.0
o,-0.0249921911602,0.999687646408,124.843902534,0.785398163397,36.6742416418,-0.190869659102,0.981615389669,280.138276829,0.0,0.0,0.0,3.0,453.0
o,-0.997199309888,0.0747899482416,154.50889942,0.785398163397,30.0,-1.0,0.0,363.311511587,0.0,0.0,0.0,3.0,562.0
o,-0.999763788824,0.0217339954092,178.361991467,0.785398163397,17.0880074906,-0.936329177569,-0.351123441588,398.466195424,0.0,0.0,0.0,3.0,562.0
o,0.549616501476,0.835417082244,175.93180497,0.785398163397,29.0,0.0,1.0,383.105280463,0.0,0.0,0.0,4.0,500.0
o,-0.954479978035,-0.298274993136,175.071414,0.785398163397,14.7648230602,-0.880471099922,0.474099823035,396.781624469,-0.785398163397,0.785398163397,0.616850275068,1.0,563.0
o,-0.40794006219,0.913008710616,167.40967714,0.785398163397,53.8516480713,-0.259973473448,0.965615758521,391.317053323,0.0,0.0,0.0,3.0,531.0
o,-0.716994918814,0.697078393292,185.234985896,0.785398163397,20.2484567313,-0.839570157152,0.543251278157,395.434760777,0.0,0.0,0.0,3.0,438.0
o,-0.303203657277,0.952925780013,172.800462962,0.785398163397,44.9221548904,-0.289389501276,0.957211427299,392.803821276,0.0,0.0,0.0,4.0,484.0
o,0.130938369255,0.99139051007,158.937094475,0.785398163397,17.0293863659,0.0587220219515,0.998274373175,351.022155841,0.0,0.0,0.0,4.0,453.0
o,-0.289004591936,0.957327710787,202.002475232,0.785398163397,49.3963561409,-0.364399348581,0.931242779706,459.187881525,0.0,0.0,0.0,4.0,469.0
o,-0.164398987305,0.986393923832,187.864312737,0.785398163397,21.8403296678,0.274721127897,0.961523947641,415.777129313,0.0,0.0,0.0,5.0,500.0
o,-0.155962573473,0.987762965329,198.600100705,0.785398163397,4.12310562562,-0.242535625036,0.970142500145,424.079670977,0.0,0.0,0.0,5.0,437.0
o,0.0,-1.0,128.689548915,0.785398163397,8.94427191,0.4472135955,-0.894427191,291.662003006,-4.71238898038,6.28318530718,4.93480220054,1.0,828.0
o,-0.832050294338,-0.554700196225,125.17587627,0.0,50.9215082259,0.942627225161,-0.333847142245,286.663279189,-2.0344439358,10.5319266786,8.62798158413,0.0,1015.0
o,-0.164398987305,-0.986393923832,126.063476075,0.0,49.040799341,0.937994498829,-0.346650140872,329.603145613,-1.2490457724,5.03413953478,4.31002965865,1.0,906.0
p,-0.0975714240314,-0.99522852512,182.49657531,1.10714871779,75.4254598925,-0.106064981392,-0.994359200552,317.448280275,-17.2787595947,17.2787595947,13.5707060515,3.0,375.0
p,-0.124034734589,-0.992277876714,155.080624193,1.2490457724,71.0070419043,0.0140831102547,-0.999900828085,260.121513693,-16.4933614313,16.4933614313,12.9538557764,4.0,391.0
p,-0.108059180768,-0.994144463069,146.536684827,1.10714871779,56.2938717802,-0.213167075217,-0.97701576141,253.726243762,-16.4933614313,16.4933614313,12.9538557764,3.0,438.0
p,-0.0434372242763,-0.999056158355,152.738338344,1.2490457724,77.2787163454,0.181162429477,-0.983453188589,246.73888816,-15.7079632679,15.7079632679,12.3370055014,2.0,375.0
p,-0.25766265056,-0.966234939601,163.27277789,1.10714871779,72.0277724215,0.0277670672404,-0.999614420653,276.002153413,-14.9225651046,14.9225651046,11.7201552263,2.0,344.0
p,0.0199960011996,-0.99980005998,139.617334167,1.10714871779,51.3517283059,-0.116841247567,-0.993150604323,248.28942229,-14.9225651046,14.9225651046,11.7201552263,4.0,343.0
p,-0.094809092628,-0.995495472594,126.087271364,1.10714871779,58.137767415,-0.0688020916154,-0.997630328423,220.320286535,-16.4933614313,16.4933614313,12.9538557764,2.0,422.0
p,-0.182907916183,-0.983130049484,122.800651464,1.2490457724,63.0079360081,0.0158710166267,-0.999874047484,197.825182691,-17.2787595947,17.2787595947,13.5707060515,2.0,406.0
p,0.0208288136818,-0.999783056728,136.926987844,1.2490457724,63.0,0.0,-1.0,225.781650319,-14.9225651046,14.9225651046,11.7201552263,3.0,343.0
p,-0.0208288136818,-0.999783056728,159.154013459,1.10714871779,69.0507060065,0.173785333909,-0.984783558818,263.383131703,-13.3517687778,13.3517687778,10.4864546762,2.0,328.0
p,-0.103606084259,-0.994618408891,169.068033643,0.785398163397,78.0576709875,0.0384331221012,-0.999261174631,291.083545251,-15.7079632679,15.7079632679,12.3370055014,2.0,375.0
p,-0.203954254112,-0.978980419738,149.696359341,1.10714871779,60.5309838017,0.132163720091,-0.991227900683,252.801904016,-17.2787595947,17.2787595947,13.5707060515,2.0,360.0
p,-0.0407823695143,-0.999168053101,152.777616162,1.2490457724,70.3491293478,0.099503719021,-0.99503719021,254.307897613,-15.7079632679,15.7079632679,12.3370055014,3.0,438.0
p,-0.0565133120227,-0.998401845734,153.212271049,1.10714871779,73.2461603089,-0.0819155567295,-0.996639273542,260.590604767,-17.2787595947,17.2787595947,13.5707060515,3.0,375.0
p,-0.0611100632795,-0.998131033565,156.387339641,1.10714871779,65.06919394,-0.0461047666084,-0.998936609849,274.516603352,-16.4933614313,16.4933614313,12.9538557764,3.0,375.0
p,-0.0712470499879,-0.997458699831,171.56339936,1.2490457724,76.0065786626,-0.0131567558703,-0.999913446142,286.755828403,-18.0641577581,18.0641577581,14.1875563266,2.0,500.0
p,-0.0975714240314,-0.99522852512,227.308160874,1.10714871779,106.531685427,-0.168963815111,-0.985622254813,381.068422699,-20.4203522483,20.4203522483,16.0381071518,3.0,500.0
p,0.768221279597,-0.640184399664,155.241746963,1.10714871779,55.2268050859,0.8510360128,-0.525107327047,491.009228404,-26.5616405009,31.9175305901,26.4928727606,3.0,1703.0
p,1.0,0.0,110.63905278,0.785398163397,32.2800247831,0.960346226754,-0.278810194864,309.489739697,-8.05137719382,20.8664577973,17.9084922848,1.0,1313.0
p,0.110431526075,-0.993883734674,148.033779929,1.10714871779,88.6002257333,0.34988624175,-0.936792195652,235.697087959,-15.7079632679,15.7079632679,12.3370055014,1.0,703.0
q,-0.986393923832,-0.164398987305,187.771137292,1.10714871779,127.062976512,0.0314804525269,0.999504367729,436.510224483,-4.71238898038,4.71238898038,3.70110165041,3.0,625.0
q,-0.846636549211,0.532171545218,167.296144606,0.785398163397,107.837841225,0.324561393315,0.945864631948,383.554350945,-8.63937979737,8.63937979737,6.78535302575,2.0,687.0
q,-0.999753177832,-0.0222167372851,149.402141886,1.10714871779,81.0061726043,-0.0123447382817,0.999923800815,357.818566551,-5.03413953478,6.60493586158,5.54373020879,3.0,656.0
q,-0.766191543126,0.642612261976,140.890028036,1.10714871779,96.1665222414,0.291161615783,0.956673880429,303.171290068,-7.85398163397,9.42477796077,7.40220330082,2.0,688.0
q,-0.991227900683,0.132163720091,151.211772029,1.10714871779,98.005101908,0.142849706061,0.989744391991,337.323016323,-6.74683291618,13.6735193322,11.0953826844,1.0,859.0
q,-0.993408935871,0.114624107985,161.913557184,1.10714871779,93.5360892918,0.106910606117,0.994268636888,418.389563083,-6.28318530718,7.85398163397,6.16850275068,1.0,781.0
q,-0.851658316705,0.524097425664,119.436175424,1.10714871779,77.0259696466,0.0259652687162,0.999662845574,276.344656531,-10.6738237332,12.24462006,10.1960191925,3.0,781.0
q,-0.316227766017,-0.948683298051,136.165340671,1.10714871779,89.0898422942,-0.0448984968095,0.99899155401,284.976603593,-7.85398163397,12.5663706144,9.86960440109,1.0,1406.0
q,-0.316227766017,-0.948683298051,138.924439894,0.785398163397,80.6535802057,0.334765052353,0.942301628845,319.668260136,-7.53223107958,13.5316222775,11.6963884258,1.0,1250.0
q,0.164398987305,-0.986393923832,156.668439706,0.785398163397,67.4462749157,0.266879082981,0.963730021877,390.67215372,-7.06858347058,10.2101761242,8.01905357589,2.0,1250.0
q,-0.554700196225,-0.832050294338,115.121674762,0.785398163397,57.8705451849,0.172799478008,0.984957024646,264.619531645,-10.2101761242,17.1368625401,14.1717117929,1.0,1719.0
q,-0.928476690885,-0.371390676354,184.740358341,0.785398163397,79.3221280602,0.554700196225,0.832050294338,464.03690893,-0.785398163397,10.2101761242,8.01905357589,3.0,1218.0
q,0.0,-1.0,172.539850469,1.10714871779,109.178752512,0.146548661089,0.989203462354,378.604761183,-7.06858347058,7.06858347058,5.55165247561,2.0,1140.0
q,-0.707106781187,-0.707106781187,137.786066059,1.10714871779,100.019998,-0.0199960011996,0.99980005998,296.98094374,-5.49778714378,7.06858347058,5.55165247561,4.0,1110.0
q,-0.624695047554,-0.780868809443,143.178210633,0.785398163397,93.3005894944,0.332259422668,0.943188038542,300.349090268,-6.60493586158,10.6738237332,8.96231864236,3.0,1171.0
q,-0.964763821238,-0.263117405792,145.437271702,0.785398163397,95.9009906101,0.198120998325,0.980177570659,333.709608257,-4.71238898038,6.28318530718,4.93480220054,2.0,1062.0
q,-0.832050294338,-0.554700196225,123.065023463,1.10714871779,84.0119039184,0.154739976047,0.987955231685,270.363877021,-4.71238898038,10.9955742876,8.63590385095,1.0,1078.0
q,-0.371390676354,-0.928476690885,194.427364329,1.10714871779,31.4006369362,0.796162194123,0.605083267534,486.433670267,-5.96143475278,16.6732149311,14.1637895261,6.0,1313.0
q,-0.4472135955,-0.894427191,168.154690687,0.785398163397,44.598206242,0.739940073396,0.672672793996,457.846580565,-14.9225651046,18.0641577581,14.1875563266,2.0,1328.0
q,0.0,-1.0,248.040319303,0.785398163397,117.443603487,0.621574933267,-0.783354710418,601.243776758,-7.06858347058,13.3517687778,10.4864546762,4.0,1828.0
r,0.114624107985,0.993408935871,92.9623579735,0.785398163397,51.5460958754,0.950605456491,-0.310401781711,161.862979902,-8.63937979737,8.63937979737,6.78535302575,1.0,469.0
r,0.393919298579,0.919145030018,72.0694109869,0.785398163397,35.0570962859,0.998371334424,-0.0570497905385,147.082142493,-10.9955742876,12.5663706144,9.86960440109,0.0,547.0
r,0.141421356237,0.989949493661,100.169855745,0.785398163397,53.7587202229,0.985886564641,0.167414699656,192.439032345,-12.5663706144,12.5663706144,9.86960440109,1.0,625.0
r,0.0554700196225,0.998460353205,81.6333265278,0.785398163397,46.9574275275,0.894427191,0.4472135955,143.083011086,-9.42477796077,9.42477796077,7.40220330082,1.0,750.0
r,0.110431526075,0.993883734674,101.788997441,0.785398163397,56.6127194189,0.953849250739,-0.300285875233,177.801284247,-10.2101761242,10.2101761242,8.01905357589,1.0,563.0
r,0.0,1.0,82.2921624458,1.10714871779,36.8781778292,0.976187060184,0.216930457819,160.905791274,-6.28318530718,6.28318530718,4.93480220054,1.0,579.0
r,0.0238027779463,0.999716673744,92.3092628072,1.10714871779,37.6961536499,0.928476690885,0.371390676354,174.132261245,-7.06858347058,10.2101761242,8.01905357589,1.0,719.0
r,0.0,1.0,116.297033496,0.785398163397,45.8911756223,0.980580675691,-0.196116135138,220.629063246,-14.1371669412,14.1371669412,11.1033049512,1.0,593.0
r,0.242535625036,0.970142500145,74.6860093994,1.10714871779,36.2491379208,0.910366477463,0.413802944301,139.926401698,-7.06858347058,11.780972451,9.25275412602,0.0,844.0
r,0.0,1.0,76.0591874792,0.785398163397,37.6430604494,0.956351571051,-0.292218535599,138.608686663,-7.06858347058,7.06858347058,5.55165247561,0.0,641.0
r,0.20601048105,0.978549784987,72.9451848993,0.785398163397,40.0124980475,0.999687646408,0.0249921911602,139.192406585,-7.85398163397,7.85398163397,6.16850275068,1.0,688.0
r,0.141421356237,0.989949493661,73.8241153012,0.785398163397,35.2278299076,0.993532672656,-0.113546591161,141.041010197,-6.74683291618,8.31762924298,7.11176781716,3.0,610.0
r,0.110431526075,0.993883734674,82.3650411279,0.785398163397,41.7612260356,0.957826285221,-0.287347885566,155.168351087,-10.9955742876,10.9955742876,8.63590385095,0.0,578.0
r,0.707106781187,0.707106781187,89.3588272081,0.785398163397,47.3814309619,0.991949779604,-0.126631886758,166.523032565,-11.780972451,13.3517687778,10.4864546762,1.0,578.0
r,0.316227766017,0.948683298051,81.1233628494,0.785398163397,41.7731971484,0.981490592026,-0.19151035942,156.537458602,-10.2101761242,10.2101761242,8.01905357589,0.0,563.0
r,0.0,1.0,72.470683728,0.785398163397,32.0,1.0,0.0,147.51557448,-5.49778714378,5.49778714378,4.31795192548,1.0,500.0
r,0.164398987305,0.986393923832,74.7930478053,0.785398163397,35.5105618091,0.985622254813,-0.168963815111,138.430367549,-8.63937979737,8.63937979737,6.78535302575,0.0,484.0
r,0.0,1.0,90.60353194,0.785398163397,38.8329756779,0.978549784987,0.20601048105,186.339336989,-14.4589174956,18.2440112579,15.3974900762,1.0,641.0
r,0.0,1.0,85.9592926914,0.785398163397,47.5078940809,0.863014469347,-0.505179201569,142.684983481,-7.06858347058,7.06858347058,5.55165247561,1.0,484.0
r,-0.164398987305,-0.986393923832,55.0726792521,0.785398163397,54.5893762558,0.476283148541,-0.879291966537,60.8392502313,-4.71238898038,4.71238898038,3.70110165041,0.0,234.0
s,-0.707106781187,-0.707106781187,67.4166151627,0.785398163397,52.4022900263,-0.667909741777,0.744242283695,122.864533734,-10.0682790696,17.9222607035,14.788562068,0.0,765.0
s,-0.961523947641,-0.274721127897,117.004273426,1.2490457724,104.752088285,-0.353214915386,0.93554220832,170.032413234,-10.853677233,10.853677233,9.23690959238,1.0,594.0
s,-0.988116468955,0.153707006282,106.831643252,0.785398163397,98.412397593,-0.741776460949,0.670647211269,173.720436948,-10.2101761242,11.780972451,9.25275412602,3.0,360.0
s,-0.982570245697,0.185891668105,94.1753683295,0.785398163397,94.1753683295,-0.668964731622,0.743294146247,154.107154788,-6.28318530718,7.85398163397,6.16850275068,2.0,344.0
s,-0.968277323709,0.249878019022,93.5360892918,0.785398163397,93.5360892918,-0.481097727527,0.87666697016,147.08184952,-9.42477796077,9.42477796077,7.40220330082,2.0,313.0
s,-0.49972245349,-0.866185586049,107.615054709,0.785398163397,84.0238061504,-0.785491672228,0.618872226604,177.865993443,-7.06858347058,7.06858347058,5.55165247561,1.0,421.0
s,-0.845488903031,-0.533992991388,124.036285014,0.785398163397,100.439036236,-0.577464720627,0.816415639507,236.293322093,-9.42477796077,9.42477796077,7.40220330082,3.0,406.0
s,-0.953230637699,0.302243860734,127.094453065,0.785398163397,115.762688289,-0.518301716093,0.855197831554,207.919925494,-10.9955742876,12.5663706144,9.86960440109,3.0,360.0
s,-0.832050294338,-0.554700196225,148.660687473,0.785398163397,141.421356237,-0.707106781187,0.707106781187,238.833672447,-11.780972451,11.780972451,9.25275412602,1.0,516.0
s,-0.963992618206,-0.265928998126,120.353645562,0.785398163397,112.507777509,-0.506631641492,0.862162617978,203.330491185,-11.780972451,13.3517687778,10.4864546762,1.0,438.0
s,-0.998460353205,-0.0554700196225,132.098448136,0.785398163397,125.195846576,-0.519186552729,0.854660940646,201.307971215,-5.03413953478,5.03413953478,4.31002965865,2.0,438.0
s,-0.993883734674,0.110431526075,104.651803616,1.10714871779,101.518471226,-0.44326908647,0.896388597083,180.908589599,-10.9955742876,12.5663706144,9.86960440109,1.0,422.0
s,-0.987762965329,0.155962573473,140.459958707,0.785398163397,132.018938035,-0.552950971174,0.833213792179,225.719935256,-11.780972451,11.780972451,9.25275412602,2.0,422.0
s,-0.992277876714,-0.124034734589,154.767567662,0.785398163397,149.030198282,-0.583774302141,0.811915983437,246.091806266,-10.9955742876,10.9955742876,8.63590385095,2.0,516.0
s,-0.975441002068,-0.220260871435,125.674181915,1.10714871779,114.542568506,-0.419058177462,0.9079593845,200.542341838,-10.2101761242,10.2101761242,8.01905357589,2.0,562.0
s,-0.962964019714,-0.26962992552,121.82774725,0.785398163397,102.215458713,-0.508729312127,0.860926528214,226.234667432,-10.2101761242,10.2101761242,8.01905357589,0.0,484.0
s,-0.993307380301,0.115500858175,126.763559433,0.785398163397,118.595952713,-0.413167556556,0.910655022613,215.151796666,-8.63937979737,10.2101761242,8.01905357589,2.0,390.0
s,0.707106781187,-0.707106781187,187.216452268,0.785398163397,138.538803229,-0.635201098531,0.77234679026,352.147779354,-14.1371669412,17.2787595947,13.5707060515,3.0,719.0
s,-0.857492925713,-0.514495755428,150.206524492,0.785398163397,116.387284529,-0.764688345125,0.644400290836,249.709324916,-19.6349540849,19.6349540849,15.4212568767,2.0,797.0
s,-1.0,0.0,116.038786619,0.785398163397,116.038786619,-0.620482186154,0.784220540834,188.514439366,-9.42477796077,9.42477796077,7.40220330082,0.0,468.0
t,0.0161269347183,0.999869952532,128.128841406,0.785398163397,63.5059052372,-0.440903879653,0.897554326437,228.780959679,-0.785398163397,3.92699081699,3.08425137534,5.0,359.0
t,-0.0444006136207,0.999013806466,140.003571383,0.785398163397,84.2199501306,-0.49869419223,0.86677800078,218.773132355,-4.71238898038,6.28318530718,4.93480220054,1.0,407.0
t,0.0,1.0,95.5248658727,0.785398163397,46.6476151588,-0.514495755428,0.857492925713,184.661304809,-5.49778714378,7.06858347058,5.55165247561,0.0,594.0
t,-0.164398987305,0.986393923832,123.065023463,1.10714871779,76.5375724726,-0.483422700834,0.875387052862,210.151560122,-2.35619449019,3.92699081699,3.08425137534,1.0,562.0
t,-0.152057184254,0.988371697651,105.118980208,0.785398163397,60.7453701939,-0.345705358827,0.938343116817,191.505738316,-4.24874137138,8.31762924298,7.11176781716,1.0,672.0
t,-0.115500858175,0.993307380301,153.561062773,0.785398163397,65.192024052,-0.536875492193,0.843661487732,295.229887895,-7.39033402497,7.39033402497,6.16058048386,2.0,578.0
t,-0.1788854382,0.9838699101,161.966045824,1.10714871779,73.8241153012,-0.419916986117,0.907562518381,301.54808895,-4.71238898038,6.28318530718,4.93480220054,2.0,656.0
t,-0.064382277998,0.997925308968,161.449682564,1.10714871779,63.6003144646,-0.597481322535,0.801882827613,295.708722099,-6.28318530718,7.85398163397,6.16850275068,3.0,625.0
t,-0.274721127897,0.961523947641,160.704698127,1.10714871779,77.2010362625,-0.284970268083,0.958536356279,289.014220013,-4.71238898038,4.71238898038,3.70110165041,1.0,687.0
t,0.0,1.0,144.059015685,0.785398163397,79.3095202356,-0.390873629142,0.920444352496,257.011285259,-2.81984209919,9.74652851517,8.01113130906,1.0,828.0
t,-0.152057184254,0.988371697651,135.351394526,0.785398163397,74.3303437366,-0.672672793996,0.739940073396,252.113323907,-6.60493586158,8.17573218837,6.77743075893,3.0,875.0
t,0.0,1.0,125.003999936,1.10714871779,55.0272659688,-0.327110563883,0.94498607344,234.802673857,-10.2101761242,13.3517687778,10.4864546762,2.0,625.0
t,-0.0830454798537,0.996545758245,139.430986513,0.785398163397,54.4058820349,-0.588171697675,0.808736084303,275.068544931,-4.71238898038,6.28318530718,4.93480220054,1.0,672.0
t,-0.102028865499,0.994781438611,136.014705087,1.2490457724,68.6804193348,-0.276643622506,0.960972583442,230.763449648,-7.06858347058,10.2101761242,8.01905357589,2.0,750.0
t,-0.0766964988847,0.997054485502,143.756738972,0.785398163397,70.7106781187,-0.480832611207,0.876812408671,270.780177166,-7.53223107958,7.53223107958,6.49491754209,1.0,656.0
t,-0.141421356237,0.989949493661,112.378823628,0.785398163397,61.7170964968,-0.648118629528,0.761539389696,202.631748636,-2.35619449019,5.49778714378,4.31795192548,1.0,578.0
t,-0.149805379428,0.988715504225,123.822453537,0.785398163397,74.3303437366,-0.551591691077,0.834114264555,224.73774918,-1.57079632679,7.85398163397,6.16850275068,1.0,563.0
t,-0.341743063087,0.939793423488,110.462663375,1.10714871779,49.9299509313,-0.540757591313,0.841178475377,202.202040911,-4.71238898038,7.85398163397,6.16850275068,2.0,657.0
t,-0.411586722426,0.911370599659,230.555850067,0.0,123.664869708,-0.865241683045,0.501354993914,448.24679177,-8.17573218837,11.317324842,9.2448318592,4.0,860.0
t,-0.104684784518,0.994505452921,214.755675129,0.785398163397,116.777566339,-0.676499797665,0.736442817712,388.902816253,-4.71238898038,8.49748274277,7.38635876717,3.0,578.0
u,0.0,1.0,83.528438271,0.785398163397,42.0475920833,0.998868137724,-0.0475651494154,160.233232154,0.0,3.14159265359,2.46740110027,1.0,547.0
u,0.0,1.0,67.4759216313,0.785398163397,43.1045241245,0.997575100836,-0.069598262849,120.389222507,-1.10714871779,5.17603658939,4.64436671689,0.0,547.0
u,0.0,1.0,97.3087868592,0.785398163397,61.0,0.983606557377,-0.180327868852,170.217674359,-0.785398163397,0.785398163397,0.616850275068,1.0,453.0
u,0.110431526075,0.993883734674,83.0060238778,0.785398163397,46.0977222865,0.997880105966,0.0650791373456,159.590875884,-3.92699081699,7.06858347058,5.55165247561,1.0,547.0
u,0.0434372242763,0.999056158355,99.9849988748,0.785398163397,50.0099990002,0.99980005998,0.0199960011996,198.669883936,-2.35619449019,3.92699081699,3.08425137534,0.0,640.0
u,0.707106781187,0.707106781187,114.201576171,0.785398163397,68.1175454637,0.998274373175,-0.0587220219515,202.806677555,-3.92699081699,5.49778714378,4.31795192548,2.0,390.0
u,0.0830454798537,0.996545758245,111.646764396,0.785398163397,60.5392434707,0.925019818378,-0.379918853977,189.760472436,-3.14159265359,3.14159265359,2.46740110027,0.0,422.0
u,0.0,1.0,58.8982172905,0.785398163397,38.0131556175,0.999653919353,0.0263066820882,106.301130705,-1.57079632679,3.14159265359,2.46740110027,0.0,531.0
u,0.0,1.0,69.89277502,0.785398163397,39.4588393139,0.988371697651,-0.152057184254,127.252558403,-0.785398163397,0.785398163397,0.616850275068,0.0,422.0
u,0.0,1.0,60.0,0.785398163397,36.8781778292,0.976187060184,0.216930457819,101.717833626,-1.57079632679,3.14159265359,2.46740110027,0.0,656.0
u,0.287347885566,0.957826285221,64.4437739429,0.785398163397,43.931765273,0.978790625253,-0.204863154123,103.774214983,-3.92699081699,7.06858347058,5.55165247561,0.0,531.0
u,-0.0712470499879,0.997458699831,84.0595027347,0.785398163397,43.7378554573,0.983130049484,0.182907916183,153.923350678,-3.14159265359,6.28318530718,4.93480220054,1.0,453.0
u,0.0,1.0,77.1556867638,0.0,57.4282160614,0.992543455277,0.121891301525,125.917783344,-1.57079632679,1.57079632679,1.23370055014,0.0,516.0
u,0.124034734589,0.992277876714,61.2209114601,0.785398163397,38.6393581727,0.983453188589,0.181162429477,109.766933044,-2.35619449019,5.49778714378,4.31795192548,0.0,469.0
u,0.0,1.0,70.7248188403,0.785398163397,50.6951674225,0.966561557862,0.256434699025,113.521193765,-3.14159265359,3.14159265359,2.46740110027,0.0,672.0
u,0.1788854382,0.9838699101,84.403791384,0.785398163397,51.6623654124,0.967822506788,0.251633851765,141.40288544,-4.71238898038,4.71238898038,3.70110165041,0.0,672.0
u,0.0,1.0,79.2464510246,0.0,58.137767415,0.997630328423,0.0688020916154,133.363080827,-2.35619449019,2.35619449019,1.8505508252,0.0,422.0
u,0.0,1.0,75.6637297521,0.785398163397,53.2353266168,-0.995579502714,0.0939225945957,131.664304541,-10.9955742876,10.9955742876,8.63590385095,0.0,766.0
u,0.0,1.0,107.447661678,0.785398163397,99.8248466064,0.671175586817,0.74129840932,243.634847612,-3.14159265359,6.28318530718,4.93480220054,1.0,812.0
u,0.0,1.0,46.0108682813,0.785398163397,31.1448230048,-0.995350013555,0.0963241948602,86.0639668994,-2.35619449019,13.7114757773,12.9063221755,0.0,1141.0
v,0.164398987305,0.986393923832,75.1664818919,0.785398163397,43.3243580449,0.946349856068,-0.323143853292,118.750135966,-6.28318530718,7.85398163397,6.16850275068,1.0,578.0
v,0.316227766017,0.948683298051,132.653684457,0.785398163397,87.863530546,0.978790625253,-0.204863154123,205.219615992,-8.63937979737,10.2101761242,8.01905357589,4.0,438.0
v,0.196116135138,0.980580675691,112.485554628,0.785398163397,79.3095202356,0.970879659482,-0.239567708184,166.560205657,-5.49778714378,7.06858347058,5.55165247561,3.0,422.0
v,0.4472135955,0.894427191,98.412397593,0.785398163397,67.4685111737,0.978234125102,-0.207504208355,145.739066528,-7.85398163397,7.85398163397,6.16850275068,1.0,406.0
v,0.0,1.0,75.4519714786,0.785398163397,44.3846820423,0.968802704478,0.247833249983,124.146971751,-5.49778714378,7.06858347058,5.55165247561,1.0,438.0
v,0.110431526075,0.993883734674,85.4283325367,0.785398163397,55.0817574157,0.962206045824,0.272322465799,135.0337078,-5.69518270363,11.5835768911,9.90528324253,0.0,625.0
v,0.274721127897,0.961523947641,107.628992377,0.785398163397,72.6911273815,0.990492273178,-0.137568371275,170.64805245,-7.85398163397,7.85398163397,6.16850275068,1.0,438.0
v,0.216930457819,0.976187060184,116.777566339,0.785398163397,79.0063288604,0.99991989426,0.0126572138514,193.055117593,-5.17603658939,8.96113035177,7.39428103399,3.0,641.0
v,0.316227766017,0.948683298051,92.1954445729,0.0,70.5761999544,0.991835775307,0.12752174254,134.238929981,-9.42477796077,14.1371669412,11.1033049512,1.0,984.0
v,0.110431526075,0.993883734674,87.0057469366,0.785398163397,54.1294744109,0.979133837467,0.203216456833,141.373727001,-8.63937979737,8.63937979737,7.7206958254,1.0,563.0
v,0.0,1.0,73.7834669828,0.785398163397,40.0124980475,0.999687646408,0.0249921911602,135.184187985,-5.49778714378,5.49778714378,4.31795192548,0.0,515.0
v,0.351123441588,0.936329177569,90.2718117687,0.785398163397,58.6941223633,0.971136422267,-0.238524735294,135.768469646,-7.06858347058,7.06858347058,5.55165247561,2.0,453.0
v,0.554700196225,0.832050294338,73.8782782691,0.785398163397,48.7647413609,0.963811120254,0.266586054538,114.808532234,-5.03413953478,6.60493586158,5.54373020879,1.0,438.0
v,0.371390676354,0.928476690885,90.68627239,0.0,68.0073525437,0.999891886048,-0.0147042924419,141.154850225,-4.39063842599,8.81923329716,7.99528677542,1.0,625.0
v,0.196116135138,0.980580675691,91.5478017213,0.785398163397,59.4138031101,0.993035236117,0.117817739878,146.002135187,-10.2101761242,10.2101761242,8.01905357589,1.0,500.0
v,0.351123441588,0.936329177569,88.4137998279,0.785398163397,61.0081961707,0.999865654597,0.0163912402393,141.871129839,-7.85398163397,9.42477796077,7.40220330082,1.0,484.0
v,0.371390676354,0.928476690885,108.577161503,0.785398163397,71.3862731903,0.980580675691,-0.196116135138,169.500835062,-7.85398163397,10.0682790696,8.62005931731,7.0,422.0
v,-0.4472135955,0.894427191,114.560027933,0.0,82.6075057123,-0.992645877551,0.121054375311,175.004835548,-4.24874137138,4.24874137138,3.69317938359,0.0,657.0
v,0.164398987305,0.986393923832,75.1664818919,0.785398163397,43.3243580449,0.946349856068,-0.323143853292,118.750135966,-6.28318530718,7.85398163397,6.16850275068,1.0,578.0
v,0.961523947641,0.274721127897,110.535062311,0.0,84.3445315358,0.984059055029,-0.177841997897,167.789115417,-10.9955742876,14.1371669412,11.1033049512,0.0,1734.0
w,0.0,1.0,111.803398875,0.785398163397,69.8713102783,0.98752978476,-0.157432284527,248.688393208,0.785398163397,7.06858347058,5.55165247561,1.0,1125.0
w,0.141421356237,0.989949493661,113.600176056,0.0,88.0,1.0,0.0,228.337971393,-2.67794504459,8.31762924298,7.11176781716,1.0,813.0
w,0.124034734589,0.992277876714,94.9210198007,0.0,69.0651865993,0.999056158355,-0.0434372242763,220.070626325,0.785398163397,5.49778714378,5.25329472513,1.0,750.0
w,0.0,1.0,77.6208734813,0.0,60.8769250209,0.969168531094,0.246398779092,136.135431305,1.57079632679,6.28318530718,4.93480220054,0.0,813.0
w,0.0830454798537,0.996545758245,89.1964124839,0.785398163397,59.4390444069,0.975789577016,0.218711456917,195.214545801,-2.35619449019,8.63937979737,6.78535302575,1.0,703.0
w,1.0,0.0,116.691902033,0.0,87.0919054792,0.964498359954,-0.264088836654,224.496737371,-2.35619449019,3.92699081699,3.08425137534,1.0,703.0
w,0.0,1.0,49.2036584006,0.785398163397,30.6757233004,0.945372981626,0.325990683319,97.3269666837,2.67794504459,7.39033402497,6.16058048386,0.0,1282.0
w,0.0,1.0,81.3203541556,0.785398163397,54.4518135602,0.991702506662,-0.128554028641,170.100435591,0.0,6.28318530718,4.93480220054,1.0,750.0
w,0.164398987305,0.986393923832,58.6941223633,0.0,39.2045915678,0.994781438611,-0.102028865499,120.722041585,-0.785398163397,12.4244735598,11.4059529422,0.0,891.0
w,0.0,1.0,58.0,0.785398163397,35.1283361405,0.996346649042,0.0854011413464,133.362702949,0.785398163397,8.35558568816,7.98736450859,0.0,953.0
w,0.0,1.0,75.2861208989,0.0,57.4282160614,0.992543455277,0.121891301525,138.429959855,-2.35619449019,5.49778714378,4.31795192548,0.0,875.0
w,0.294085848838,0.955779008722,62.2414652784,0.785398163397,42.0119030752,0.999716673744,0.0238027779463,133.732501018,-2.35619449019,12.708267669,11.139284259,0.0,1031.0
w,0.0,1.0,70.0071424927,0.785398163397,44.1021541424,0.997683692682,0.0680238881374,151.012096325,-3.60524026259,8.96113035177,7.39428103399,0.0,1031.0
w,0.0,1.0,75.6637297521,0.0,50.0099990002,0.97980405878,0.199960011996,146.061890599,2.99969559899,7.71208457937,6.7695084921,0.0,922.0
w,0.4472135955,0.894427191,92.3579991122,0.0,76.2364742102,0.996898148653,0.07870248542,167.613915726,-3.92699081699,8.63937979737,6.78535302575,1.0,828.0
w,-0.110431526075,0.993883734674,75.802374633,0.785398163397,44.72135955,0.894427191,0.4472135955,147.023870509,-1.57079632679,6.28318530718,4.93480220054,0.0,922.0
w,0.0,1.0,63.8905313799,0.0,48.5077313425,0.989532981063,0.144306893072,126.340914304,-0.785398163397,5.49778714378,4.31795192548,0.0,875.0
w,0.242535625036,0.970142500145,110.801624537,0.0,89.3588272081,0.995984423484,-0.0895266897513,260.109793984,-2.67794504459,15.2443156589,12.3290832345,0.0,1672.0
w,0.0,1.0,161.245154966,0.0,107.517440446,0.985886564641,-0.167414699656,331.074653077,-1.2490457724,5.03413953478,4.31002965865,2.0,766.0
w,0.0,1.0,103.947101932,0.785398163397,73.4982993001,0.966008746817,0.258509382951,245.311010547,-2.35619449019,5.49778714378,4.31795192548,1.0,875.0
x,0.554700196225,0.832050294338,72.8628849278,0.0,42.0475920833,-0.0475651494154,0.998868137724,176.426625946,-6.60493586158,9.74652851517,8.01113130906,2.0,625.0
x,0.8,0.6,92.0977741316,0.785398163397,50.4876222455,-0.138647844534,0.990341746674,199.230504326,-2.35619449019,8.63937979737,6.78535302575,1.0,547.0
x,0.6,0.8,100.657836257,0.785398163397,69.1158447825,-0.0578738495143,0.998323904122,259.595323215,-4.71238898038,10.9955742876,8.63590385095,2.0,719.0
x,0.301131367937,0.953582665134,82.7345151675,0.785398163397,56.302753041,-0.33746129583,0.941339404156,198.542838657,-8.63937979737,11.780972451,9.25275412602,2.0,844.0
x,0.707106781187,0.707106781187,66.4680374315,0.785398163397,34.2344855372,0.116841247567,0.993150604323,163.352353581,-3.60524026259,7.39033402497,6.16058048386,1.0,657.0
x,0.0,-1.0,90.1387818866,0.785398163397,56.0802995712,-0.374463049601,0.927241837108,222.981771744,-8.63937979737,12.4244735598,10.4706101425,0.0,765.0
x,0.707106781187,0.707106781187,76.0591874792,0.785398163397,58.3095189485,0.102899151086,0.994691793827,207.789673892,-5.03413953478,15.1024186043,12.930088976,1.0,719.0
x,0.371390676354,0.928476690885,68.6221538572,0.785398163397,46.0977222865,-0.0650791373456,0.997880105966,169.969723664,-3.14159265359,6.28318530718,4.93480220054,0.0,672.0
x,0.242535625036,0.970142500145,71.0633520178,0.785398163397,42.0,0.0,1.0,182.445972598,-7.53223107958,11.317324842,9.2448318592,1.0,797.0
x,0.416654710493,0.909064822894,147.512711317,0.785398163397,97.6933979346,-0.38897203704,0.921249561411,324.926290047,-6.28318530718,7.85398163397,6.16850275068,7.0,719.0
x,0.242535625036,0.970142500145,94.0319094776,0.785398163397,39.1152144312,-0.0766964988847,0.997054485502,228.314452519,-4.71238898038,7.85398163397,6.16850275068,2.0,797.0
x,0.141421356237,0.989949493661,82.1340367935,0.785398163397,62.1691241695,-0.193021860293,0.981194456491,210.673291132,-5.49778714378,12.4244735598,10.4706101425,2.0,812.0
x,0.4472135955,0.894427191,68.4105255059,0.785398163397,46.389654019,-0.129339184068,0.991600411186,166.594402223,0.785398163397,12.4244735598,10.4706101425,1.0,843.0
x,0.6,0.8,75.2861208989,0.785398163397,46.3249392876,0.237453090477,0.971399006497,193.236443618,-4.71238898038,7.85398163397,6.16850275068,2.0,657.0
x,0.4472135955,0.894427191,66.4003012041,0.785398163397,44.0,0.0,1.0,173.54916559,-5.96143475278,10.6738237332,8.96231864236,0.0,844.0
x,0.66436383883,0.747409318684,94.5780101292,0.785398163397,50.0899191455,0.0598922907279,0.998204845466,239.239674868,-8.78127685198,14.7806680499,12.3211609677,2.0,969.0
x,0.640184399664,0.768221279597,61.8465843843,0.785398163397,38.1182371051,0.07870248542,0.996898148653,152.79380396,-10.0682790696,11.6390753964,9.85375986744,0.0,1109.0
x,0.4472135955,0.894427191,155.794736753,0.785398163397,106.733312513,-0.224859506699,0.974391195695,328.826553965,-3.14159265359,4.71238898038,3.70110165041,3.0,578.0
x,0.316227766017,0.948683298051,141.226768001,0.0,89.3196506935,-0.369459572936,0.929246804657,307.824777762,-5.81953769818,11.4592218966,9.57916891743,4.0,1141.0
x,0.8,0.6,153.837576684,0.785398163397,102.239913928,-0.0684664113169,0.997653422047,323.335970573,-9.42477796077,10.9955742876,8.63590385095,10.0,563.0
y,0.274721127897,0.961523947641,176.173210222,1.10714871779,97.0051545022,0.608215102618,0.793772252569,454.896387499,-12.3213919512,18.6045772584,15.3284985288,2.0,859.0
y,-0.141421356237,0.989949493661,141.792101331,1.10714871779,88.8144132447,0.585490553844,0.8106792284,364.309177006,-14.9225651046,14.9225651046,11.7201552263,2.0,844.0
y,0.0,1.0,186.552941547,1.10714871779,110.113577728,0.635707252861,0.771930235617,412.247159144,-16.0297138223,17.6005101491,14.1796340597,16.0,796.0
y,0.4472135955,0.894427191,109.772492001,1.10714871779,65.9469483752,0.652039268828,0.758185196312,246.193695934,-9.88842556977,18.3859083125,14.7964843348,2.0,750.0
y,0.274721127897,0.961523947641,84.8763806957,0.785398163397,55.5697759578,0.863778900898,0.503871025524,210.299427464,-12.4557133932,17.1681023736,14.4690117091,0.0,750.0
y,0.110431526075,0.993883734674,105.118980208,0.785398163397,72.2495674728,0.66436383883,0.747409318684,237.010299326,-10.9955742876,14.1371669412,11.1033049512,3.0,844.0
y,-0.216930457819,0.976187060184,155.07740003,1.10714871779,99.6242942259,0.582187311345,0.81305469343,318.475872566,-16.3514643767,16.3514643767,13.5548615179,2.0,875.0
y,0.0,1.0,97.9438614718,0.785398163397,72.8354309385,0.713938248596,0.700208666892,219.715839219,-10.5319266786,16.8151119857,13.5627837847,1.0,1047.0
y,0.0,1.0,139.316187143,1.10714871779,83.6301381082,0.657657648835,0.753316943211,358.433236095,-12.5663706144,15.7079632679,12.3370055014,2.0,813.0
y,0.0,1.0,108.078675047,1.10714871779,71.8470597867,0.570656615896,0.821188788729,265.250202098,-12.1027230054,13.6735193322,11.0953826844,3.0,875.0
y,-0.242535625036,0.970142500145,108.706025592,0.785398163397,65.7951365984,0.72953720414,0.683941128881,278.256959577,-14.4589174956,16.0297138223,12.9459335096,2.0,844.0
y,0.094809092628,0.995495472594,122.588743366,0.785398163397,71.6100551599,0.809942121543,0.586509812152,295.95664829,-15.2443156589,15.2443156589,12.3290832345,1.0,844.0
y,-0.124034734589,0.992277876714,92.6552750792,0.785398163397,61.5873363607,0.844329420183,0.535824439731,241.225658554,-10.5319266786,12.1027230054,9.86168213427,1.0,797.0
y,0.0665190105238,0.997785157857,134.260939964,1.10714871779,71.0211236183,0.535052081184,0.844819075554,337.52038836,-13.6735193322,15.2443156589,12.3290832345,1.0,781.0
y,0.554700196225,0.832050294338,114.039466852,1.10714871779,59.640590205,0.821588113591,0.570081548206,281.557445802,-14.4589174956,16.0297138223,12.9459335096,3.0,734.0
y,0.316227766017,0.948683298051,142.337626789,1.10714871779,87.2353139503,0.424140159811,0.905596557434,283.742937115,-13.8154163868,15.3862127136,12.6634202928,3.0,796.0
y,0.0,1.0,105.702412461,1.10714871779,58.6941223633,0.715574205881,0.698536724788,281.179915089,-12.1027230054,15.2443156589,12.3290832345,1.0,828.0
y,0.287347885566,0.957826285221,171.944758571,0.0,103.846039886,0.962964019714,0.26962992552,422.030179023,-21.2057504117,25.9181393921,20.3560590772,1.0,1344.0
y,0.0,1.0,165.323924463,0.785398163397,94.5938687231,0.972578891654,-0.232573213222,427.396645343,-13.3517687778,13.3517687778,10.4864546762,1.0,1188.0
y,0.0665190105238,0.997785157857,223.033629751,0.785398163397,122.800651464,0.863187603129,-0.504883315038,496.075174147,-13.3517687778,14.9225651046,11.7201552263,2.0,1281.0
z,0.919145030018,0.393919298579,56.2227711875,0.785398163397,52.1536192416,0.536875492193,0.843661487732,105.779833697,-3.92699081699,8.63937979737,6.78535302575,1.0,578.0
z,1.0,0.0,59.908263203,0.785398163397,55.2268050859,0.525107327047,0.8510360128,118.272394487,-9.74652851517,11.317324842,9.2448318592,2.0,594.0
z,0.9838699101,-0.1788854382,82.2009732302,0.0,74.7060907825,0.883462102068,0.468502629885,182.942176162,-5.49778714378,7.06858347058,5.55165247561,2.0,609.0
z,1.0,0.0,88.7524647545,0.785398163397,75.4718490565,0.529998940003,0.847998304005,171.771913455,-7.06858347058,8.63937979737,6.78535302575,4.0,672.0
z,1.0,0.0,69.0651865993,0.785398163397,62.6498204307,0.415005179923,0.909819048293,130.434071601,-6.28318530718,9.42477796077,7.40220330082,0.0,860.0
z,1.0,0.0,73.6002717386,0.785398163397,73.0068489938,0.58898583616,0.808143356592,148.269533931,-6.28318530718,6.28318530718,4.93480220054,0.0,828.0
z,0.980580675691,0.196116135138,69.1158447825,0.785398163397,63.0713881249,0.428086344739,0.903737838894,132.348560952,-3.14159265359,7.85398163397,6.16850275068,0.0,922.0
z,-1.0,0.0,79.2022726947,0.785398163397,71.1196175468,0.464006994671,0.88583153528,160.501458482,-6.14128825258,6.14128825258,5.53580794197,1.0,860.0
z,0.980580675691,0.196116135138,72.6704891961,0.785398163397,71.8470597867,0.570656615896,0.821188788729,149.521453777,-1.57079632679,3.14159265359,2.46740110027,3.0,875.0
z,1.0,0.0,60.9590026165,0.785398163397,60.207972894,0.66436383883,0.747409318684,133.443287642,-0.785398163397,5.49778714378,4.31795192548,0.0,922.0
z,0.8,0.6,69.3181073025,1.10714871779,69.3181073025,0.4472135955,0.894427191,122.675300316,-6.60493586158,8.17573218837,6.77743075893,1.0,750.0
z,0.948683298051,0.316227766017,47.6340214553,0.785398163397,47.6340214553,0.629801958421,0.77675574872,102.540681107,-3.92699081699,3.92699081699,3.08425137534,1.0,797.0
z,0.986393923832,0.164398987305,64.6606526413,0.785398163397,64.0312423743,0.624695047554,0.780868809443,137.597812501,-5.03413953478,6.60493586158,5.54373020879,1.0,703.0
z,1.0,0.0,78.1024967591,0.785398163397,76.8374908492,0.624695047554,0.780868809443,160.915900545,-1.89254688119,3.46334320799,3.07632910852,0.0,719.0
z,0.928476690885,0.371390676354,77.0064932327,0.785398163397,72.9451848993,0.54835696222,0.836244367386,142.49653201,-5.49778714378,7.06858347058,5.55165247561,1.0,688.0
z,0.868243142124,0.496138938357,79.2022726947,0.785398163397,77.6208734813,0.618390361345,0.785871084209,146.02746391,-5.49778714378,5.49778714378,4.31795192548,0.0,735.0
z,1.0,0.0,78.2432105681,0.785398163397,78.2432105681,0.626252420424,0.77962036012,159.821475557,-2.35619449019,3.92699081699,3.08425137534,1.0,704.0
z,1.0,0.0,128.062484749,0.0,97.9438614718,0.898473867353,0.439027003366,258.050318568,-7.53223107958,9.74652851517,8.01113130906,2.0,718.0
z,0.997054485502,0.0766964988847,155.080624193,0.0,148.529458358,0.881979921347,0.471286980873,285.141638015,-12.1027230054,22.4547961841,18.2150727684,3.0,1000.0
z,1.0,0.0,105.475115549,0.785398163397,77.7946013551,0.719844295421,0.694135570584,193.576072023,-5.96143475278,9.10302740637,7.72861809223,1.0,735.0
